subject id,jpg,Image,SDSS information,LEDA information,RA,DEC
0,SubjectSet_28/588017725470539956D.jpeg,http://legacysurvey.org/viewer/fits-cutout?ra=176.54324144&dec=7.51736606&size=512&layer=decals-dr5&pixscale=0.227&bands=g,http://skyserver.sdss.org/dr7/en/tools/explore/summary.asp?id=588017725470539956&spec=0x01c2cac422c00000,http://leda.univ-lyon1.fr/ledacat.cgi?sdss%20j114610.37%2B073102.5&ob=ra,176.54324144,7.51736606
1,SubjectSet_28/588017991230685339D.jpeg,http://legacysurvey.org/viewer/fits-cutout?ra=213.80435972&dec=8.7820112&size=512&layer=decals-dr5&pixscale=0.227&bands=g,http://skyserver.sdss.org/dr7/en/tools/explore/summary.asp?id=588017991230685339&spec=0x01c2cac422c00000,http://leda.univ-lyon1.fr/ledacat.cgi?sdss%20j141513.04%2B084655.2&ob=ra,213.80435972,8.7820112
2,SubjectSet_28/588023668100694162D.jpeg,http://legacysurvey.org/viewer/fits-cutout?ra=190.50949369&dec=18.98778588&size=512&layer=decals-dr5&pixscale=0.227&bands=g,http://skyserver.sdss.org/dr7/en/tools/explore/summary.asp?id=588023668100694162&spec=0x01c2cac422c00000,http://leda.univ-lyon1.fr/ledacat.cgi?sdss%20j124202.27%2B185916.0&ob=ra,190.50949369,18.98778588
3,SubjectSet_28/587730845817504260D.jpeg,http://legacysurvey.org/viewer/fits-cutout?ra=321.91682856&dec=-1.14592161&size=512&layer=decals-dr5&pixscale=0.227&bands=g,http://skyserver.sdss.org/dr7/en/tools/explore/summary.asp?id=587730845817504260&spec=0x01c2cac422c00000,http://leda.univ-lyon1.fr/ledacat.cgi?sdss%20j212740.03-010845.3 </font></h2>%2B<td colspan=2><h2><font color=#000086>SDSS J212740.03-010845.3&ob=ra,321.91682856,-1.14592161
4,SubjectSet_28/587735237419008037D.jpeg,http://legacysurvey.org/viewer/fits-cutout?ra=121.5483272&dec=25.01205577&size=512&layer=decals-dr5&pixscale=0.227&bands=g,http://skyserver.sdss.org/dr7/en/tools/explore/summary.asp?id=587735237419008037&spec=0x01c2cac422c00000,http://leda.univ-lyon1.fr/ledacat.cgi?sdss%20j080611.59%2B250043.4&ob=ra,121.5483272,25.01205577
5,SubjectSet_28/587739407330902222S.jpeg,http://legacysurvey.org/viewer/fits-cutout?ra=217.09644405&dec=30.87515899&size=512&layer=sdss2&pixscale=0.227&bands=g,http://skyserver.sdss.org/dr7/en/tools/explore/summary.asp?id=587739407330902222&spec=0x01c2cac422c00000,http://leda.univ-lyon1.fr/ledacat.cgi?sdss%20j142823.14%2B305230.5&ob=ra,217.09644405,30.87515899
6,SubjectSet_28/587731514224738434D.jpeg,http://legacysurvey.org/viewer/fits-cutout?ra=37.80520813&dec=1.24480449&size=512&layer=decals-dr5&pixscale=0.227&bands=g,http://skyserver.sdss.org/dr7/en/tools/explore/summary.asp?id=587731514224738434&spec=0x01c2cac422c00000,http://leda.univ-lyon1.fr/ledacat.cgi?sdss%20j023113.24%2B011441.2&ob=ra,37.80520813,1.24480449
7,SubjectSet_28/588017705084125325D.jpeg,http://legacysurvey.org/viewer/fits-cutout?ra=194.38354019&dec=13.47231&size=512&layer=decals-dr5&pixscale=0.227&bands=g,http://skyserver.sdss.org/dr7/en/tools/explore/summary.asp?id=588017705084125325&spec=0x01c2cac422c00000,http://leda.univ-lyon1.fr/ledacat.cgi?sdss%20j125732.04%2B132820.3&ob=ra,194.38354019,13.47231
8,SubjectSet_28/587731185129750726D.jpeg,http://legacysurvey.org/viewer/fits-cutout?ra=359.11374758&dec=-0.84467736&size=512&layer=decals-dr5&pixscale=0.227&bands=g,http://skyserver.sdss.org/dr7/en/tools/explore/summary.asp?id=587731185129750726&spec=0x01c2cac422c00000,http://leda.univ-lyon1.fr/ledacat.cgi?sdss%20j235627.29-005040.8 </font></h2>%2B<td colspan=2><h2><font color=#000086>SDSS J235627.29-005040.8&ob=ra,359.11374758,-0.84467736
9,SubjectSet_28/588023046940524755D.jpeg,http://legacysurvey.org/viewer/fits-cutout?ra=137.48187804&dec=19.37790245&size=512&layer=decals-dr5&pixscale=0.227&bands=g,http://skyserver.sdss.org/dr7/en/tools/explore/summary.asp?id=588023046940524755&spec=0x01c2cac422c00000,http://leda.univ-lyon1.fr/ledacat.cgi?sdss%20j090955.65%2B192240.4&ob=ra,137.48187804,19.37790245
10,SubjectSet_28/587741386202218597D.jpeg,http://legacysurvey.org/viewer/fits-cutout?ra=127.63065991&dec=18.20208123&size=512&layer=decals-dr5&pixscale=0.227&bands=g,http://skyserver.sdss.org/dr7/en/tools/explore/summary.asp?id=587741386202218597&spec=0x01c2cac422c00000,http://leda.univ-lyon1.fr/ledacat.cgi?sdss%20j083031.35%2B181207.4&ob=ra,127.63065991,18.20208123
11,SubjectSet_28/588017704557019468D.jpeg,http://legacysurvey.org/viewer/fits-cutout?ra=217.22497301&dec=11.3007161&size=512&layer=decals-dr5&pixscale=0.227&bands=g,http://skyserver.sdss.org/dr7/en/tools/explore/summary.asp?id=588017704557019468&spec=0x01c2cac422c00000,http://leda.univ-lyon1.fr/ledacat.cgi?sdss%20j142853.99%2B111802.5&ob=ra,217.22497301,11.3007161
12,SubjectSet_28/588017704555249763D.jpeg,http://legacysurvey.org/viewer/fits-cutout?ra=213.00627206&dec=11.84800342&size=512&layer=decals-dr5&pixscale=0.227&bands=g,http://skyserver.sdss.org/dr7/en/tools/explore/summary.asp?id=588017704555249763&spec=0x01c2cac422c00000,http://leda.univ-lyon1.fr/ledacat.cgi?sdss%20j141201.50%2B115052.8&ob=ra,213.00627206,11.84800342
13,SubjectSet_28/587738569785737415D.jpeg,http://legacysurvey.org/viewer/fits-cutout?ra=205.02302175&dec=14.47626048&size=512&layer=decals-dr5&pixscale=0.227&bands=g,http://skyserver.sdss.org/dr7/en/tools/explore/summary.asp?id=587738569785737415&spec=0x01c2cac422c00000,http://leda.univ-lyon1.fr/ledacat.cgi?sdss%20j134005.52%2B142834.5&ob=ra,205.02302175,14.47626048
14,SubjectSet_28/587726100948713678D.jpeg,http://legacysurvey.org/viewer/fits-cutout?ra=218.50961695&dec=3.81060709&size=512&layer=decals-dr5&pixscale=0.227&bands=g,http://skyserver.sdss.org/dr7/en/tools/explore/summary.asp?id=587726100948713678&spec=0x01c2cac422c00000,http://leda.univ-lyon1.fr/ledacat.cgi?sdss%20j143402.30%2B034838.1&ob=ra,218.50961695,3.81060709
15,SubjectSet_28/587741603109470330D.jpeg,http://legacysurvey.org/viewer/fits-cutout?ra=194.40185514&dec=28.07703764&size=512&layer=decals-dr5&pixscale=0.227&bands=g,http://skyserver.sdss.org/dr7/en/tools/explore/summary.asp?id=587741603109470330&spec=0x01c2cac422c00000,http://leda.univ-lyon1.fr/ledacat.cgi?sdss%20j125736.44%2B280437.3&ob=ra,194.40185514,28.07703764
16,SubjectSet_28/587739132951658630S.jpeg,http://legacysurvey.org/viewer/fits-cutout?ra=203.48243828&dec=36.88830749&size=512&layer=sdss2&pixscale=0.227&bands=g,http://skyserver.sdss.org/dr7/en/tools/explore/summary.asp?id=587739132951658630&spec=0x01c2cac422c00000,http://leda.univ-lyon1.fr/ledacat.cgi?sdss%20j133355.78%2B365317.9&ob=ra,203.48243828,36.88830749
17,SubjectSet_28/588017726020059300D.jpeg,http://legacysurvey.org/viewer/fits-cutout?ra=205.67467674&dec=7.51608504&size=512&layer=decals-dr5&pixscale=0.227&bands=g,http://skyserver.sdss.org/dr7/en/tools/explore/summary.asp?id=588017726020059300&spec=0x01c2cac422c00000,http://leda.univ-lyon1.fr/ledacat.cgi?sdss%20j134241.92%2B073057.9&ob=ra,205.67467674,7.51608504
18,SubjectSet_28/587736478663508096D.jpeg,http://legacysurvey.org/viewer/fits-cutout?ra=214.3863083&dec=11.4817852&size=512&layer=decals-dr5&pixscale=0.227&bands=g,http://skyserver.sdss.org/dr7/en/tools/explore/summary.asp?id=587736478663508096&spec=0x01c2cac422c00000,http://leda.univ-lyon1.fr/ledacat.cgi?sdss%20j141732.71%2B112854.4&ob=ra,214.3863083,11.4817852
19,SubjectSet_28/588017703485964500D.jpeg,http://legacysurvey.org/viewer/fits-cutout?ra=223.23155504&dec=9.87509918&size=512&layer=decals-dr5&pixscale=0.227&bands=g,http://skyserver.sdss.org/dr7/en/tools/explore/summary.asp?id=588017703485964500&spec=0x01c2cac422c00000,http://leda.univ-lyon1.fr/ledacat.cgi?sdss%20j145255.57%2B095230.3&ob=ra,223.23155504,9.87509918
20,SubjectSet_28/587738574605451498S.jpeg,http://legacysurvey.org/viewer/fits-cutout?ra=194.35044016&dec=40.28983825&size=512&layer=sdss2&pixscale=0.227&bands=g,http://skyserver.sdss.org/dr7/en/tools/explore/summary.asp?id=587738574605451498&spec=0x01c2cac422c00000,http://leda.univ-lyon1.fr/ledacat.cgi?sdss%20j125724.10%2B401723.4&ob=ra,194.35044016,40.28983825
21,SubjectSet_28/587733609627517227S.jpeg,http://legacysurvey.org/viewer/fits-cutout?ra=247.77929335&dec=39.20530105&size=512&layer=sdss2&pixscale=0.227&bands=g,http://skyserver.sdss.org/dr7/en/tools/explore/summary.asp?id=587733609627517227&spec=0x01c2cac422c00000,http://leda.univ-lyon1.fr/ledacat.cgi?sdss%20j163107.03%2B391219.0&ob=ra,247.77929335,39.20530105
22,SubjectSet_28/587731187268190411D.jpeg,http://legacysurvey.org/viewer/fits-cutout?ra=338.36314891&dec=0.73870217&size=512&layer=decals-dr5&pixscale=0.227&bands=g,http://skyserver.sdss.org/dr7/en/tools/explore/summary.asp?id=587731187268190411&spec=0x01c2cac422c00000,http://leda.univ-lyon1.fr/ledacat.cgi?sdss%20j223327.15%2B004419.3&ob=ra,338.36314891,0.73870217
23,SubjectSet_28/587739376165847221D.jpeg,http://legacysurvey.org/viewer/fits-cutout?ra=145.0883118&dec=27.70622071&size=512&layer=decals-dr5&pixscale=0.227&bands=g,http://skyserver.sdss.org/dr7/en/tools/explore/summary.asp?id=587739376165847221&spec=0x01c2cac422c00000,http://leda.univ-lyon1.fr/ledacat.cgi?sdss%20j094021.19%2B274222.3&ob=ra,145.0883118,27.70622071
24,SubjectSet_28/587742059995791483D.jpeg,http://legacysurvey.org/viewer/fits-cutout?ra=176.55053968&dec=21.22745957&size=512&layer=decals-dr5&pixscale=0.227&bands=g,http://skyserver.sdss.org/dr7/en/tools/explore/summary.asp?id=587742059995791483&spec=0x01c2cac422c00000,http://leda.univ-lyon1.fr/ledacat.cgi?sdss%20j114612.12%2B211338.8&ob=ra,176.55053968,21.22745957
25,SubjectSet_28/587742013290381489D.jpeg,http://legacysurvey.org/viewer/fits-cutout?ra=200.81929168&dec=21.30166543&size=512&layer=decals-dr5&pixscale=0.227&bands=g,http://skyserver.sdss.org/dr7/en/tools/explore/summary.asp?id=587742013290381489&spec=0x01c2cac422c00000,http://leda.univ-lyon1.fr/ledacat.cgi?sdss%20j132316.63%2B211805.9&ob=ra,200.81929168,21.30166543
26,SubjectSet_28/588010879299420355D.jpeg,http://legacysurvey.org/viewer/fits-cutout?ra=187.98483224&dec=5.04671142&size=512&layer=decals-dr5&pixscale=0.227&bands=g,http://skyserver.sdss.org/dr7/en/tools/explore/summary.asp?id=588010879299420355&spec=0x01c2cac422c00000,http://leda.univ-lyon1.fr/ledacat.cgi?sdss%20j123156.35%2B050248.1&ob=ra,187.98483224,5.04671142
27,SubjectSet_28/587741709954252965D.jpeg,http://legacysurvey.org/viewer/fits-cutout?ra=168.7048212&dec=27.23630088&size=512&layer=decals-dr5&pixscale=0.227&bands=g,http://skyserver.sdss.org/dr7/en/tools/explore/summary.asp?id=587741709954252965&spec=0x01c2cac422c00000,http://leda.univ-lyon1.fr/ledacat.cgi?sdss%20j111449.15%2B271410.6&ob=ra,168.7048212,27.23630088
28,SubjectSet_28/588023670242869342D.jpeg,http://legacysurvey.org/viewer/fits-cutout?ra=177.57948228&dec=20.48031362&size=512&layer=decals-dr5&pixscale=0.227&bands=g,http://skyserver.sdss.org/dr7/en/tools/explore/summary.asp?id=588023670242869342&spec=0x01c2cac422c00000,http://leda.univ-lyon1.fr/ledacat.cgi?sdss%20j115019.07%2B202849.1&ob=ra,177.57948228,20.48031362
29,SubjectSet_28/587738950954123377S.jpeg,http://legacysurvey.org/viewer/fits-cutout?ra=195.41590396&dec=36.29018656&size=512&layer=sdss2&pixscale=0.227&bands=g,http://skyserver.sdss.org/dr7/en/tools/explore/summary.asp?id=587738950954123377&spec=0x01c2cac422c00000,http://leda.univ-lyon1.fr/ledacat.cgi?sdss%20j130139.81%2B361724.6&ob=ra,195.41590396,36.29018656
30,SubjectSet_28/587735349643247722D.jpeg,http://legacysurvey.org/viewer/fits-cutout?ra=171.49502058&dec=15.50437324&size=512&layer=decals-dr5&pixscale=0.227&bands=g,http://skyserver.sdss.org/dr7/en/tools/explore/summary.asp?id=587735349643247722&spec=0x01c2cac422c00000,http://leda.univ-lyon1.fr/ledacat.cgi?sdss%20j112558.80%2B153015.7&ob=ra,171.49502058,15.50437324
31,SubjectSet_28/587729970183602484D.jpeg,http://legacysurvey.org/viewer/fits-cutout?ra=233.91542423&dec=-2.278761&size=512&layer=decals-dr5&pixscale=0.227&bands=g,http://skyserver.sdss.org/dr7/en/tools/explore/summary.asp?id=587729970183602484&spec=0x01c2cac422c00000,http://leda.univ-lyon1.fr/ledacat.cgi?sdss%20j153539.70-021643.5 </font></h2>%2B<td colspan=2><h2><font color=#000086>SDSS J153539.70-021643.5&ob=ra,233.91542423,-2.278761
32,SubjectSet_28/587728932418486508S.jpeg,http://legacysurvey.org/viewer/fits-cutout?ra=138.84324106&dec=51.05037989&size=512&layer=sdss2&pixscale=0.227&bands=g,http://skyserver.sdss.org/dr7/en/tools/explore/summary.asp?id=587728932418486508&spec=0x01c2cac422c00000,http://leda.univ-lyon1.fr/ledacat.cgi?sdss%20j091522.37%2B510301.3&ob=ra,138.84324106,51.05037989
33,SubjectSet_28/588013384348729401S.jpeg,http://legacysurvey.org/viewer/fits-cutout?ra=162.51340463&dec=51.3453388&size=512&layer=sdss2&pixscale=0.227&bands=g,http://skyserver.sdss.org/dr7/en/tools/explore/summary.asp?id=588013384348729401&spec=0x01c2cac422c00000,http://leda.univ-lyon1.fr/ledacat.cgi?sdss%20j105003.21%2B512043.2&ob=ra,162.51340463,51.3453388
34,SubjectSet_28/587739720289812545S.jpeg,http://legacysurvey.org/viewer/fits-cutout?ra=192.02477373&dec=29.44317207&size=512&layer=sdss2&pixscale=0.227&bands=g,http://skyserver.sdss.org/dr7/en/tools/explore/summary.asp?id=587739720289812545&spec=0x01c2cac422c00000,http://leda.univ-lyon1.fr/ledacat.cgi?sdss%20j124805.94%2B292635.4&ob=ra,192.02477373,29.44317207
35,SubjectSet_28/587738195040075876S.jpeg,http://legacysurvey.org/viewer/fits-cutout?ra=118.42343684&dec=50.22280994&size=512&layer=sdss2&pixscale=0.227&bands=g,http://skyserver.sdss.org/dr7/en/tools/explore/summary.asp?id=587738195040075876&spec=0x01c2cac422c00000,http://leda.univ-lyon1.fr/ledacat.cgi?sdss%20j075341.62%2B501322.1&ob=ra,118.42343684,50.22280994
36,SubjectSet_28/587739721898131537S.jpeg,http://legacysurvey.org/viewer/fits-cutout?ra=186.10859326&dec=30.91664755&size=512&layer=sdss2&pixscale=0.227&bands=g,http://skyserver.sdss.org/dr7/en/tools/explore/summary.asp?id=587739721898131537&spec=0x01c2cac422c00000,http://leda.univ-lyon1.fr/ledacat.cgi?sdss%20j122426.06%2B305459.9&ob=ra,186.10859326,30.91664755
37,SubjectSet_28/587739131891548451D.jpeg,http://legacysurvey.org/viewer/fits-cutout?ra=237.37122957&dec=24.87691883&size=512&layer=decals-dr5&pixscale=0.227&bands=g,http://skyserver.sdss.org/dr7/en/tools/explore/summary.asp?id=587739131891548451&spec=0x01c2cac422c00000,http://leda.univ-lyon1.fr/ledacat.cgi?sdss%20j154929.09%2B245236.9&ob=ra,237.37122957,24.87691883
38,SubjectSet_28/587738410859692206D.jpeg,http://legacysurvey.org/viewer/fits-cutout?ra=144.22272339&dec=11.71687163&size=512&layer=decals-dr5&pixscale=0.227&bands=g,http://skyserver.sdss.org/dr7/en/tools/explore/summary.asp?id=587738410859692206&spec=0x01c2cac422c00000,http://leda.univ-lyon1.fr/ledacat.cgi?sdss%20j093653.45%2B114300.7&ob=ra,144.22272339,11.71687163
39,SubjectSet_28/587745243089666068D.jpeg,http://legacysurvey.org/viewer/fits-cutout?ra=146.65197908&dec=15.12997961&size=512&layer=decals-dr5&pixscale=0.227&bands=g,http://skyserver.sdss.org/dr7/en/tools/explore/summary.asp?id=587745243089666068&spec=0x01c2cac422c00000,http://leda.univ-lyon1.fr/ledacat.cgi?sdss%20j094636.47%2B150747.9&ob=ra,146.65197908,15.12997961
40,SubjectSet_28/587731520668631247S.jpeg,http://legacysurvey.org/viewer/fits-cutout?ra=133.2717165&dec=40.49232916&size=512&layer=sdss2&pixscale=0.227&bands=g,http://skyserver.sdss.org/dr7/en/tools/explore/summary.asp?id=587731520668631247&spec=0x01c2cac422c00000,http://leda.univ-lyon1.fr/ledacat.cgi?sdss%20j085305.21%2B402932.3&ob=ra,133.2717165,40.49232916
41,SubjectSet_28/587732052709015739S.jpeg,http://legacysurvey.org/viewer/fits-cutout?ra=139.73366316&dec=41.41617211&size=512&layer=sdss2&pixscale=0.227&bands=g,http://skyserver.sdss.org/dr7/en/tools/explore/summary.asp?id=587732052709015739&spec=0x01c2cac422c00000,http://leda.univ-lyon1.fr/ledacat.cgi?sdss%20j091856.07%2B412458.2&ob=ra,139.73366316,41.41617211
42,SubjectSet_28/587726016156991665D.jpeg,http://legacysurvey.org/viewer/fits-cutout?ra=212.73247307&dec=2.85234082&size=512&layer=decals-dr5&pixscale=0.227&bands=g,http://skyserver.sdss.org/dr7/en/tools/explore/summary.asp?id=587726016156991665&spec=0x01c2cac422c00000,http://leda.univ-lyon1.fr/ledacat.cgi?sdss%20j141055.79%2B025108.4&ob=ra,212.73247307,2.85234082
43,SubjectSet_28/588023046942359774D.jpeg,http://legacysurvey.org/viewer/fits-cutout?ra=141.72495916&dec=20.83678819&size=512&layer=decals-dr5&pixscale=0.227&bands=g,http://skyserver.sdss.org/dr7/en/tools/explore/summary.asp?id=588023046942359774&spec=0x01c2cac422c00000,http://leda.univ-lyon1.fr/ledacat.cgi?sdss%20j092653.99%2B205012.4&ob=ra,141.72495916,20.83678819
44,SubjectSet_28/588015510355902496D.jpeg,http://legacysurvey.org/viewer/fits-cutout?ra=29.2398855&dec=0.91142091&size=512&layer=decals-dr5&pixscale=0.227&bands=g,http://skyserver.sdss.org/dr7/en/tools/explore/summary.asp?id=588015510355902496&spec=0x01c2cac422c00000,http://leda.univ-lyon1.fr/ledacat.cgi?sdss%20j015657.57%2B005441.1&ob=ra,29.2398855,0.91142091
45,SubjectSet_28/587738197190181046S.jpeg,http://legacysurvey.org/viewer/fits-cutout?ra=120.97254667&dec=56.26511601&size=512&layer=sdss2&pixscale=0.227&bands=g,http://skyserver.sdss.org/dr7/en/tools/explore/summary.asp?id=587738197190181046&spec=0x01c2cac422c00000,http://leda.univ-lyon1.fr/ledacat.cgi?sdss%20j080353.41%2B561554.4&ob=ra,120.97254667,56.26511601
46,SubjectSet_28/587732483808886949S.jpeg,http://legacysurvey.org/viewer/fits-cutout?ra=139.14539732&dec=39.98761874&size=512&layer=sdss2&pixscale=0.227&bands=g,http://skyserver.sdss.org/dr7/en/tools/explore/summary.asp?id=587732483808886949&spec=0x01c2cac422c00000,http://leda.univ-lyon1.fr/ledacat.cgi?sdss%20j091634.89%2B395915.4&ob=ra,139.14539732,39.98761874
47,SubjectSet_28/587738197189722386S.jpeg,http://legacysurvey.org/viewer/fits-cutout?ra=120.02965896&dec=55.34967369&size=512&layer=sdss2&pixscale=0.227&bands=g,http://skyserver.sdss.org/dr7/en/tools/explore/summary.asp?id=587738197189722386&spec=0x01c2cac422c00000,http://leda.univ-lyon1.fr/ledacat.cgi?sdss%20j080007.11%2B552058.8&ob=ra,120.02965896,55.34967369
48,SubjectSet_28/587738947220930583S.jpeg,http://legacysurvey.org/viewer/fits-cutout?ra=185.79105999&dec=39.88904145&size=512&layer=sdss2&pixscale=0.227&bands=g,http://skyserver.sdss.org/dr7/en/tools/explore/summary.asp?id=587738947220930583&spec=0x01c2cac422c00000,http://leda.univ-lyon1.fr/ledacat.cgi?sdss%20j122309.85%2B395320.5&ob=ra,185.79105999,39.88904145
49,SubjectSet_28/587731681194934384S.jpeg,http://legacysurvey.org/viewer/fits-cutout?ra=139.18062624&dec=45.82695843&size=512&layer=sdss2&pixscale=0.227&bands=g,http://skyserver.sdss.org/dr7/en/tools/explore/summary.asp?id=587731681194934384&spec=0x01c2cac422c00000,http://leda.univ-lyon1.fr/ledacat.cgi?sdss%20j091643.35%2B454937.0&ob=ra,139.18062624,45.82695843
50,SubjectSet_28/587739377767874786D.jpeg,http://legacysurvey.org/viewer/fits-cutout?ra=125.13854189&dec=20.11193379&size=512&layer=decals-dr5&pixscale=0.227&bands=g,http://skyserver.sdss.org/dr7/en/tools/explore/summary.asp?id=587739377767874786&spec=0x01c2cac422c00000,http://leda.univ-lyon1.fr/ledacat.cgi?sdss%20j082033.25%2B200642.9&ob=ra,125.13854189,20.11193379
51,SubjectSet_28/587739826588352592D.jpeg,http://legacysurvey.org/viewer/fits-cutout?ra=208.09539779&dec=24.46772096&size=512&layer=decals-dr5&pixscale=0.227&bands=g,http://skyserver.sdss.org/dr7/en/tools/explore/summary.asp?id=587739826588352592&spec=0x01c2cac422c00000,http://leda.univ-lyon1.fr/ledacat.cgi?sdss%20j135222.89%2B242803.7&ob=ra,208.09539779,24.46772096
52,SubjectSet_28/587745243085799481S.jpeg,http://legacysurvey.org/viewer/fits-cutout?ra=137.77550989&dec=13.12163722&size=512&layer=sdss2&pixscale=0.227&bands=g,http://skyserver.sdss.org/dr7/en/tools/explore/summary.asp?id=587745243085799481&spec=0x01c2cac422c00000,http://leda.univ-lyon1.fr/ledacat.cgi?sdss%20j091106.12%2B130717.8&ob=ra,137.77550989,13.12163722
53,SubjectSet_28/587739721372663905D.jpeg,http://legacysurvey.org/viewer/fits-cutout?ra=215.52821684&dec=26.99684635&size=512&layer=decals-dr5&pixscale=0.227&bands=g,http://skyserver.sdss.org/dr7/en/tools/explore/summary.asp?id=587739721372663905&spec=0x01c2cac422c00000,http://leda.univ-lyon1.fr/ledacat.cgi?sdss%20j142206.77%2B265948.6&ob=ra,215.52821684,26.99684635
54,SubjectSet_28/587732483296329862S.jpeg,http://legacysurvey.org/viewer/fits-cutout?ra=217.34017014&dec=45.09767201&size=512&layer=sdss2&pixscale=0.227&bands=g,http://skyserver.sdss.org/dr7/en/tools/explore/summary.asp?id=587732483296329862&spec=0x01c2cac422c00000,http://leda.univ-lyon1.fr/ledacat.cgi?sdss%20j142921.64%2B450551.6&ob=ra,217.34017014,45.09767201
55,SubjectSet_28/588017703482884331D.jpeg,http://legacysurvey.org/viewer/fits-cutout?ra=216.20925404&dec=10.62783776&size=512&layer=decals-dr5&pixscale=0.227&bands=g,http://skyserver.sdss.org/dr7/en/tools/explore/summary.asp?id=588017703482884331&spec=0x01c2cac422c00000,http://leda.univ-lyon1.fr/ledacat.cgi?sdss%20j142450.22%2B103740.2&ob=ra,216.20925404,10.62783776
56,SubjectSet_28/587745403070775649D.jpeg,http://legacysurvey.org/viewer/fits-cutout?ra=130.91183943&dec=10.51658653&size=512&layer=decals-dr5&pixscale=0.227&bands=g,http://skyserver.sdss.org/dr7/en/tools/explore/summary.asp?id=587745403070775649&spec=0x01c2cac422c00000,http://leda.univ-lyon1.fr/ledacat.cgi?sdss%20j084338.84%2B103059.7&ob=ra,130.91183943,10.51658653
57,SubjectSet_28/587722982281904263D.jpeg,http://legacysurvey.org/viewer/fits-cutout?ra=191.33019142&dec=-0.76044969&size=512&layer=decals-dr5&pixscale=0.227&bands=g,http://skyserver.sdss.org/dr7/en/tools/explore/summary.asp?id=587722982281904263&spec=0x01c2cac422c00000,http://leda.univ-lyon1.fr/ledacat.cgi?sdss%20j124519.24-004537.6 </font></h2>%2B<td colspan=2><h2><font color=#000086>SDSS J124519.24-004537.6&ob=ra,191.33019142,-0.76044969
58,SubjectSet_28/587742014340071528D.jpeg,http://legacysurvey.org/viewer/fits-cutout?ra=142.34111944&dec=17.26952058&size=512&layer=decals-dr5&pixscale=0.227&bands=g,http://skyserver.sdss.org/dr7/en/tools/explore/summary.asp?id=587742014340071528&spec=0x01c2cac422c00000,http://leda.univ-lyon1.fr/ledacat.cgi?sdss%20j092921.86%2B171610.2&ob=ra,142.34111944,17.26952058
59,SubjectSet_28/587729777441243404D.jpeg,http://legacysurvey.org/viewer/fits-cutout?ra=207.5298364&dec=-2.42049894&size=512&layer=decals-dr5&pixscale=0.227&bands=g,http://skyserver.sdss.org/dr7/en/tools/explore/summary.asp?id=587729777441243404&spec=0x01c2cac422c00000,http://leda.univ-lyon1.fr/ledacat.cgi?sdss%20j135007.16-022513.7 </font></h2>%2B<td colspan=2><h2><font color=#000086>SDSS J135007.16-022513.7&ob=ra,207.5298364,-2.42049894
60,SubjectSet_28/587728879793078680D.jpeg,http://legacysurvey.org/viewer/fits-cutout?ra=130.59559741&dec=2.4973292&size=512&layer=decals-dr5&pixscale=0.227&bands=g,http://skyserver.sdss.org/dr7/en/tools/explore/summary.asp?id=587728879793078680&spec=0x01c2cac422c00000,http://leda.univ-lyon1.fr/ledacat.cgi?sdss%20j084222.94%2B022950.3&ob=ra,130.59559741,2.4973292
61,SubjectSet_28/587726032794419368D.jpeg,http://legacysurvey.org/viewer/fits-cutout?ra=200.58117366&dec=2.42075414&size=512&layer=decals-dr5&pixscale=0.227&bands=g,http://skyserver.sdss.org/dr7/en/tools/explore/summary.asp?id=587726032794419368&spec=0x01c2cac422c00000,http://leda.univ-lyon1.fr/ledacat.cgi?sdss%20j132219.48%2B022514.7&ob=ra,200.58117366,2.42075414
62,SubjectSet_28/587730846887510170D.jpeg,http://legacysurvey.org/viewer/fits-cutout?ra=313.2813966&dec=-0.40226023&size=512&layer=decals-dr5&pixscale=0.227&bands=g,http://skyserver.sdss.org/dr7/en/tools/explore/summary.asp?id=587730846887510170&spec=0x01c2cac422c00000,http://leda.univ-lyon1.fr/ledacat.cgi?sdss%20j205307.53-002408.1 </font></h2>%2B<td colspan=2><h2><font color=#000086>SDSS J205307.53-002408.1&ob=ra,313.2813966,-0.40226023
63,SubjectSet_28/587739609699909692S.jpeg,http://legacysurvey.org/viewer/fits-cutout?ra=181.52303834&dec=32.89305689&size=512&layer=sdss2&pixscale=0.227&bands=g,http://skyserver.sdss.org/dr7/en/tools/explore/summary.asp?id=587739609699909692&spec=0x01c2cac422c00000,http://leda.univ-lyon1.fr/ledacat.cgi?sdss%20j120605.52%2B325335.0&ob=ra,181.52303834,32.89305689
64,SubjectSet_28/587739114707025957D.jpeg,http://legacysurvey.org/viewer/fits-cutout?ra=139.60998718&dec=28.05917497&size=512&layer=decals-dr5&pixscale=0.227&bands=g,http://skyserver.sdss.org/dr7/en/tools/explore/summary.asp?id=587739114707025957&spec=0x01c2cac422c00000,http://leda.univ-lyon1.fr/ledacat.cgi?sdss%20j091826.39%2B280333.0&ob=ra,139.60998718,28.05917497
65,SubjectSet_28/587728307493142718D.jpeg,http://legacysurvey.org/viewer/fits-cutout?ra=171.81435711&dec=1.53236964&size=512&layer=decals-dr5&pixscale=0.227&bands=g,http://skyserver.sdss.org/dr7/en/tools/explore/summary.asp?id=587728307493142718&spec=0x01c2cac422c00000,http://leda.univ-lyon1.fr/ledacat.cgi?sdss%20j112715.44%2B013156.5&ob=ra,171.81435711,1.53236964
66,SubjectSet_28/587728679008600144S.jpeg,http://legacysurvey.org/viewer/fits-cutout?ra=204.34224398&dec=64.31570536&size=512&layer=sdss2&pixscale=0.227&bands=g,http://skyserver.sdss.org/dr7/en/tools/explore/summary.asp?id=587728679008600144&spec=0x01c2cac422c00000,http://leda.univ-lyon1.fr/ledacat.cgi?sdss%20j133722.13%2B641856.5&ob=ra,204.34224398,64.31570536
67,SubjectSet_28/587732482761883787S.jpeg,http://legacysurvey.org/viewer/fits-cutout?ra=223.98402892&dec=42.15983781&size=512&layer=sdss2&pixscale=0.227&bands=g,http://skyserver.sdss.org/dr7/en/tools/explore/summary.asp?id=587732482761883787&spec=0x01c2cac422c00000,http://leda.univ-lyon1.fr/ledacat.cgi?sdss%20j145556.16%2B420935.4&ob=ra,223.98402892,42.15983781
68,SubjectSet_28/587739844316299569D.jpeg,http://legacysurvey.org/viewer/fits-cutout?ra=232.94595097&dec=16.8278686&size=512&layer=decals-dr5&pixscale=0.227&bands=g,http://skyserver.sdss.org/dr7/en/tools/explore/summary.asp?id=587739844316299569&spec=0x01c2cac422c00000,http://leda.univ-lyon1.fr/ledacat.cgi?sdss%20j153147.02%2B164940.3&ob=ra,232.94595097,16.8278686
69,SubjectSet_28/587739607548231830S.jpeg,http://legacysurvey.org/viewer/fits-cutout?ra=170.50540591&dec=30.50274431&size=512&layer=sdss2&pixscale=0.227&bands=g,http://skyserver.sdss.org/dr7/en/tools/explore/summary.asp?id=587739607548231830&spec=0x01c2cac422c00000,http://leda.univ-lyon1.fr/ledacat.cgi?sdss%20j112201.29%2B303009.8&ob=ra,170.50540591,30.50274431
70,SubjectSet_28/587742189904003274S.jpeg,http://legacysurvey.org/viewer/fits-cutout?ra=182.04025982&dec=24.67677506&size=512&layer=sdss2&pixscale=0.227&bands=g,http://skyserver.sdss.org/dr7/en/tools/explore/summary.asp?id=587742189904003274&spec=0x01c2cac422c00000,http://leda.univ-lyon1.fr/ledacat.cgi?sdss%20j120809.66%2B244036.3&ob=ra,182.04025982,24.67677506
71,SubjectSet_28/587741603109732396D.jpeg,http://legacysurvey.org/viewer/fits-cutout?ra=195.03635932&dec=28.15985406&size=512&layer=decals-dr5&pixscale=0.227&bands=g,http://skyserver.sdss.org/dr7/en/tools/explore/summary.asp?id=587741603109732396&spec=0x01c2cac422c00000,http://leda.univ-lyon1.fr/ledacat.cgi?sdss%20j130008.72%2B280935.4&ob=ra,195.03635932,28.15985406
72,SubjectSet_28/588297863634682248D.jpeg,http://legacysurvey.org/viewer/fits-cutout?ra=120.39060363&dec=24.49018417&size=512&layer=decals-dr5&pixscale=0.227&bands=g,http://skyserver.sdss.org/dr7/en/tools/explore/summary.asp?id=588297863634682248&spec=0x01c2cac422c00000,http://leda.univ-lyon1.fr/ledacat.cgi?sdss%20j080133.74%2B242924.6&ob=ra,120.39060363,24.49018417
73,SubjectSet_28/587736543627837689D.jpeg,http://legacysurvey.org/viewer/fits-cutout?ra=212.96658282&dec=9.7524437&size=512&layer=decals-dr5&pixscale=0.227&bands=g,http://skyserver.sdss.org/dr7/en/tools/explore/summary.asp?id=587736543627837689&spec=0x01c2cac422c00000,http://leda.univ-lyon1.fr/ledacat.cgi?sdss%20j141151.97%2B094508.7&ob=ra,212.96658282,9.7524437
74,SubjectSet_28/587739157113209013D.jpeg,http://legacysurvey.org/viewer/fits-cutout?ra=139.70905145&dec=27.89417255&size=512&layer=decals-dr5&pixscale=0.227&bands=g,http://skyserver.sdss.org/dr7/en/tools/explore/summary.asp?id=587739157113209013&spec=0x01c2cac422c00000,http://leda.univ-lyon1.fr/ledacat.cgi?sdss%20j091850.17%2B275339.0&ob=ra,139.70905145,27.89417255
75,SubjectSet_28/587722983898349836D.jpeg,http://legacysurvey.org/viewer/fits-cutout?ra=204.66556314&dec=0.54583913&size=512&layer=decals-dr5&pixscale=0.227&bands=g,http://skyserver.sdss.org/dr7/en/tools/explore/summary.asp?id=587722983898349836&spec=0x01c2cac422c00000,http://leda.univ-lyon1.fr/ledacat.cgi?sdss%20j133839.73%2B003245.0&ob=ra,204.66556314,0.54583913
76,SubjectSet_28/587742864743989372S.jpeg,http://legacysurvey.org/viewer/fits-cutout?ra=166.77935116&dec=16.94036624&size=512&layer=sdss2&pixscale=0.227&bands=g,http://skyserver.sdss.org/dr7/en/tools/explore/summary.asp?id=587742864743989372&spec=0x01c2cac422c00000,http://leda.univ-lyon1.fr/ledacat.cgi?sdss%20j110707.04%2B165625.3&ob=ra,166.77935116,16.94036624
77,SubjectSet_28/587733609626927354S.jpeg,http://legacysurvey.org/viewer/fits-cutout?ra=246.67107422&dec=40.18070538&size=512&layer=sdss2&pixscale=0.227&bands=g,http://skyserver.sdss.org/dr7/en/tools/explore/summary.asp?id=587733609626927354&spec=0x01c2cac422c00000,http://leda.univ-lyon1.fr/ledacat.cgi?sdss%20j162641.05%2B401050.5&ob=ra,246.67107422,40.18070538
78,SubjectSet_28/587738946131722387D.jpeg,http://legacysurvey.org/viewer/fits-cutout?ra=143.32485689&dec=31.00217359&size=512&layer=decals-dr5&pixscale=0.227&bands=g,http://skyserver.sdss.org/dr7/en/tools/explore/summary.asp?id=587738946131722387&spec=0x01c2cac422c00000,http://leda.univ-lyon1.fr/ledacat.cgi?sdss%20j093317.96%2B310007.8&ob=ra,143.32485689,31.00217359
79,SubjectSet_28/587729387145724008S.jpeg,http://legacysurvey.org/viewer/fits-cutout?ra=153.66388508&dec=56.16957735&size=512&layer=sdss2&pixscale=0.227&bands=g,http://skyserver.sdss.org/dr7/en/tools/explore/summary.asp?id=587729387145724008&spec=0x01c2cac422c00000,http://leda.univ-lyon1.fr/ledacat.cgi?sdss%20j101439.33%2B561010.4&ob=ra,153.66388508,56.16957735
80,SubjectSet_28/587742576447455352D.jpeg,http://legacysurvey.org/viewer/fits-cutout?ra=197.4166953&dec=19.33160721&size=512&layer=decals-dr5&pixscale=0.227&bands=g,http://skyserver.sdss.org/dr7/en/tools/explore/summary.asp?id=587742576447455352&spec=0x01c2cac422c00000,http://leda.univ-lyon1.fr/ledacat.cgi?sdss%20j130940.00%2B191953.7&ob=ra,197.4166953,19.33160721
81,SubjectSet_28/587738568712978515D.jpeg,http://legacysurvey.org/viewer/fits-cutout?ra=207.29171682&dec=13.3470336&size=512&layer=decals-dr5&pixscale=0.227&bands=g,http://skyserver.sdss.org/dr7/en/tools/explore/summary.asp?id=587738568712978515&spec=0x01c2cac422c00000,http://leda.univ-lyon1.fr/ledacat.cgi?sdss%20j134910.01%2B132049.3&ob=ra,207.29171682,13.3470336
82,SubjectSet_28/587742567857783000S.jpeg,http://legacysurvey.org/viewer/fits-cutout?ra=153.0206226&dec=17.00317133&size=512&layer=sdss2&pixscale=0.227&bands=g,http://skyserver.sdss.org/dr7/en/tools/explore/summary.asp?id=587742567857783000&spec=0x01c2cac422c00000,http://leda.univ-lyon1.fr/ledacat.cgi?sdss%20j101204.94%2B170011.4&ob=ra,153.0206226,17.00317133
83,SubjectSet_28/587729159512653998D.jpeg,http://legacysurvey.org/viewer/fits-cutout?ra=216.16775115&dec=4.57047545&size=512&layer=decals-dr5&pixscale=0.227&bands=g,http://skyserver.sdss.org/dr7/en/tools/explore/summary.asp?id=587729159512653998&spec=0x01c2cac422c00000,http://leda.univ-lyon1.fr/ledacat.cgi?sdss%20j142440.26%2B043413.7&ob=ra,216.16775115,4.57047545
84,SubjectSet_28/587742061069992075D.jpeg,http://legacysurvey.org/viewer/fits-cutout?ra=177.70243075&dec=22.00172422&size=512&layer=decals-dr5&pixscale=0.227&bands=g,http://skyserver.sdss.org/dr7/en/tools/explore/summary.asp?id=587742061069992075&spec=0x01c2cac422c00000,http://leda.univ-lyon1.fr/ledacat.cgi?sdss%20j115048.58%2B220006.2&ob=ra,177.70243075,22.00172422
85,SubjectSet_28/588010359618011313D.jpeg,http://legacysurvey.org/viewer/fits-cutout?ra=168.2763372&dec=5.1830287&size=512&layer=decals-dr5&pixscale=0.227&bands=g,http://skyserver.sdss.org/dr7/en/tools/explore/summary.asp?id=588010359618011313&spec=0x01c2cac422c00000,http://leda.univ-lyon1.fr/ledacat.cgi?sdss%20j111306.32%2B051058.9&ob=ra,168.2763372,5.1830287
86,SubjectSet_28/587736807761903848D.jpeg,http://legacysurvey.org/viewer/fits-cutout?ra=201.06233701&dec=13.77866562&size=512&layer=decals-dr5&pixscale=0.227&bands=g,http://skyserver.sdss.org/dr7/en/tools/explore/summary.asp?id=587736807761903848&spec=0x01c2cac422c00000,http://leda.univ-lyon1.fr/ledacat.cgi?sdss%20j132414.96%2B134643.1&ob=ra,201.06233701,13.77866562
87,SubjectSet_28/587739709013426207S.jpeg,http://legacysurvey.org/viewer/fits-cutout?ra=197.82498962&dec=30.48810747&size=512&layer=sdss2&pixscale=0.227&bands=g,http://skyserver.sdss.org/dr7/en/tools/explore/summary.asp?id=587739709013426207&spec=0x01c2cac422c00000,http://leda.univ-lyon1.fr/ledacat.cgi?sdss%20j131117.99%2B302917.1&ob=ra,197.82498962,30.48810747
88,SubjectSet_28/587741420561826057D.jpeg,http://legacysurvey.org/viewer/fits-cutout?ra=125.6975182&dec=17.33088733&size=512&layer=decals-dr5&pixscale=0.227&bands=g,http://skyserver.sdss.org/dr7/en/tools/explore/summary.asp?id=587741420561826057&spec=0x01c2cac422c00000,http://leda.univ-lyon1.fr/ledacat.cgi?sdss%20j082247.40%2B171951.1&ob=ra,125.6975182,17.33088733
89,SubjectSet_28/587735347494846577D.jpeg,http://legacysurvey.org/viewer/fits-cutout?ra=169.45237708&dec=13.72765777&size=512&layer=decals-dr5&pixscale=0.227&bands=g,http://skyserver.sdss.org/dr7/en/tools/explore/summary.asp?id=587735347494846577&spec=0x01c2cac422c00000,http://leda.univ-lyon1.fr/ledacat.cgi?sdss%20j111748.57%2B134339.5&ob=ra,169.45237708,13.72765777
90,SubjectSet_28/588017604145971322S.jpeg,http://legacysurvey.org/viewer/fits-cutout?ra=180.16048409&dec=44.40662159&size=512&layer=sdss2&pixscale=0.227&bands=g,http://skyserver.sdss.org/dr7/en/tools/explore/summary.asp?id=588017604145971322&spec=0x01c2cac422c00000,http://leda.univ-lyon1.fr/ledacat.cgi?sdss%20j120038.51%2B442423.8&ob=ra,180.16048409,44.40662159
91,SubjectSet_28/587726032788127876D.jpeg,http://legacysurvey.org/viewer/fits-cutout?ra=186.21555094&dec=2.62508835&size=512&layer=decals-dr5&pixscale=0.227&bands=g,http://skyserver.sdss.org/dr7/en/tools/explore/summary.asp?id=587726032788127876&spec=0x01c2cac422c00000,http://leda.univ-lyon1.fr/ledacat.cgi?sdss%20j122451.73%2B023730.3&ob=ra,186.21555094,2.62508835
92,SubjectSet_28/587729772609994943D.jpeg,http://legacysurvey.org/viewer/fits-cutout?ra=209.93863151&dec=-3.08854723&size=512&layer=decals-dr5&pixscale=0.227&bands=g,http://skyserver.sdss.org/dr7/en/tools/explore/summary.asp?id=587729772609994943&spec=0x01c2cac422c00000,http://leda.univ-lyon1.fr/ledacat.cgi?sdss%20j135945.27-030518.7 </font></h2>%2B<td colspan=2><h2><font color=#000086>SDSS J135945.27-030518.7&ob=ra,209.93863151,-3.08854723
93,SubjectSet_28/588011217524686959S.jpeg,http://legacysurvey.org/viewer/fits-cutout?ra=204.39905496&dec=60.25368877&size=512&layer=sdss2&pixscale=0.227&bands=g,http://skyserver.sdss.org/dr7/en/tools/explore/summary.asp?id=588011217524686959&spec=0x01c2cac422c00000,http://leda.univ-lyon1.fr/ledacat.cgi?sdss%20j133735.77%2B601513.2&ob=ra,204.39905496,60.25368877
94,SubjectSet_28/587739380989034622D.jpeg,http://legacysurvey.org/viewer/fits-cutout?ra=221.69011817&dec=29.17628712&size=512&layer=decals-dr5&pixscale=0.227&bands=g,http://skyserver.sdss.org/dr7/en/tools/explore/summary.asp?id=587739380989034622&spec=0x01c2cac422c00000,http://leda.univ-lyon1.fr/ledacat.cgi?sdss%20j144645.62%2B291034.6&ob=ra,221.69011817,29.17628712
95,SubjectSet_28/587741603105472603D.jpeg,http://legacysurvey.org/viewer/fits-cutout?ra=183.98137263&dec=28.37774659&size=512&layer=decals-dr5&pixscale=0.227&bands=g,http://skyserver.sdss.org/dr7/en/tools/explore/summary.asp?id=587741603105472603&spec=0x01c2cac422c00000,http://leda.univ-lyon1.fr/ledacat.cgi?sdss%20j121555.52%2B282239.8&ob=ra,183.98137263,28.37774659
96,SubjectSet_28/587733197844643922S.jpeg,http://legacysurvey.org/viewer/fits-cutout?ra=196.20352404&dec=55.67010046&size=512&layer=sdss2&pixscale=0.227&bands=g,http://skyserver.sdss.org/dr7/en/tools/explore/summary.asp?id=587733197844643922&spec=0x01c2cac422c00000,http://leda.univ-lyon1.fr/ledacat.cgi?sdss%20j130448.84%2B554012.3&ob=ra,196.20352404,55.67010046
97,SubjectSet_28/587731887352184874S.jpeg,http://legacysurvey.org/viewer/fits-cutout?ra=135.65459191&dec=46.38572822&size=512&layer=sdss2&pixscale=0.227&bands=g,http://skyserver.sdss.org/dr7/en/tools/explore/summary.asp?id=587731887352184874&spec=0x01c2cac422c00000,http://leda.univ-lyon1.fr/ledacat.cgi?sdss%20j090237.10%2B462308.6&ob=ra,135.65459191,46.38572822
98,SubjectSet_28/587741491447660666S.jpeg,http://legacysurvey.org/viewer/fits-cutout?ra=173.48994136&dec=30.37341584&size=512&layer=sdss2&pixscale=0.227&bands=g,http://skyserver.sdss.org/dr7/en/tools/explore/summary.asp?id=587741491447660666&spec=0x01c2cac422c00000,http://leda.univ-lyon1.fr/ledacat.cgi?sdss%20j113357.58%2B302224.2&ob=ra,173.48994136,30.37341584
99,SubjectSet_28/587742551748772084D.jpeg,http://legacysurvey.org/viewer/fits-cutout?ra=206.11346118&dec=19.53037187&size=512&layer=decals-dr5&pixscale=0.227&bands=g,http://skyserver.sdss.org/dr7/en/tools/explore/summary.asp?id=587742551748772084&spec=0x01c2cac422c00000,http://leda.univ-lyon1.fr/ledacat.cgi?sdss%20j134427.23%2B193149.3&ob=ra,206.11346118,19.53037187
100,SubjectSet_28/587742062136983671D.jpeg,http://legacysurvey.org/viewer/fits-cutout?ra=161.01968316&dec=21.32796551&size=512&layer=decals-dr5&pixscale=0.227&bands=g,http://skyserver.sdss.org/dr7/en/tools/explore/summary.asp?id=587742062136983671&spec=0x01c2cac422c00000,http://leda.univ-lyon1.fr/ledacat.cgi?sdss%20j104404.72%2B211940.6&ob=ra,161.01968316,21.32796551
101,SubjectSet_28/587742611875561553D.jpeg,http://legacysurvey.org/viewer/fits-cutout?ra=217.52261957&dec=15.65951983&size=512&layer=decals-dr5&pixscale=0.227&bands=g,http://skyserver.sdss.org/dr7/en/tools/explore/summary.asp?id=587742611875561553&spec=0x01c2cac422c00000,http://leda.univ-lyon1.fr/ledacat.cgi?sdss%20j143005.42%2B153934.2&ob=ra,217.52261957,15.65951983
102,SubjectSet_28/587725504484213152S.jpeg,http://legacysurvey.org/viewer/fits-cutout?ra=258.44258636&dec=58.33479559&size=512&layer=sdss2&pixscale=0.227&bands=g,http://skyserver.sdss.org/dr7/en/tools/explore/summary.asp?id=587725504484213152&spec=0x01c2cac422c00000,http://leda.univ-lyon1.fr/ledacat.cgi?sdss%20j171346.22%2B582005.2&ob=ra,258.44258636,58.33479559
103,SubjectSet_28/588017625629524137S.jpeg,http://legacysurvey.org/viewer/fits-cutout?ra=218.23015213&dec=39.18693854&size=512&layer=sdss2&pixscale=0.227&bands=g,http://skyserver.sdss.org/dr7/en/tools/explore/summary.asp?id=588017625629524137&spec=0x01c2cac422c00000,http://leda.univ-lyon1.fr/ledacat.cgi?sdss%20j143255.23%2B391112.9&ob=ra,218.23015213,39.18693854
104,SubjectSet_28/588023669707571417D.jpeg,http://legacysurvey.org/viewer/fits-cutout?ra=181.44759134&dec=20.32646001&size=512&layer=decals-dr5&pixscale=0.227&bands=g,http://skyserver.sdss.org/dr7/en/tools/explore/summary.asp?id=588023669707571417&spec=0x01c2cac422c00000,http://leda.univ-lyon1.fr/ledacat.cgi?sdss%20j120547.42%2B201935.2&ob=ra,181.44759134,20.32646001
105,SubjectSet_28/587728670415323311S.jpeg,http://legacysurvey.org/viewer/fits-cutout?ra=119.87474548&dec=40.18167234&size=512&layer=sdss2&pixscale=0.227&bands=g,http://skyserver.sdss.org/dr7/en/tools/explore/summary.asp?id=587728670415323311&spec=0x01c2cac422c00000,http://leda.univ-lyon1.fr/ledacat.cgi?sdss%20j075929.93%2B401054.0&ob=ra,119.87474548,40.18167234
106,SubjectSet_28/587736807764000871D.jpeg,http://legacysurvey.org/viewer/fits-cutout?ra=205.91869579&dec=13.38457977&size=512&layer=decals-dr5&pixscale=0.227&bands=g,http://skyserver.sdss.org/dr7/en/tools/explore/summary.asp?id=587736807764000871&spec=0x01c2cac422c00000,http://leda.univ-lyon1.fr/ledacat.cgi?sdss%20j134340.48%2B132304.4&ob=ra,205.91869579,13.38457977
107,SubjectSet_28/587731173843665441D.jpeg,http://legacysurvey.org/viewer/fits-cutout?ra=315.45515725&dec=0.23181969&size=512&layer=decals-dr5&pixscale=0.227&bands=g,http://skyserver.sdss.org/dr7/en/tools/explore/summary.asp?id=587731173843665441&spec=0x01c2cac422c00000,http://leda.univ-lyon1.fr/ledacat.cgi?sdss%20j210149.23%2B001354.5&ob=ra,315.45515725,0.23181969
108,SubjectSet_28/587728879272329346D.jpeg,http://legacysurvey.org/viewer/fits-cutout?ra=167.34641164&dec=3.95655744&size=512&layer=decals-dr5&pixscale=0.227&bands=g,http://skyserver.sdss.org/dr7/en/tools/explore/summary.asp?id=587728879272329346&spec=0x01c2cac422c00000,http://leda.univ-lyon1.fr/ledacat.cgi?sdss%20j110923.13%2B035723.6&ob=ra,167.34641164,3.95655744
109,SubjectSet_28/587732484887150681S.jpeg,http://legacysurvey.org/viewer/fits-cutout?ra=150.84286869&dec=45.76354369&size=512&layer=sdss2&pixscale=0.227&bands=g,http://skyserver.sdss.org/dr7/en/tools/explore/summary.asp?id=587732484887150681&spec=0x01c2cac422c00000,http://leda.univ-lyon1.fr/ledacat.cgi?sdss%20j100322.28%2B454548.7&ob=ra,150.84286869,45.76354369
110,SubjectSet_28/587732053778759876S.jpeg,http://legacysurvey.org/viewer/fits-cutout?ra=129.86962413&dec=36.43024868&size=512&layer=sdss2&pixscale=0.227&bands=g,http://skyserver.sdss.org/dr7/en/tools/explore/summary.asp?id=587732053778759876&spec=0x01c2cac422c00000,http://leda.univ-lyon1.fr/ledacat.cgi?sdss%20j083928.70%2B362548.8&ob=ra,129.86962413,36.43024868
111,SubjectSet_28/588016891170979931S.jpeg,http://legacysurvey.org/viewer/fits-cutout?ra=143.68292412&dec=33.97267058&size=512&layer=sdss2&pixscale=0.227&bands=g,http://skyserver.sdss.org/dr7/en/tools/explore/summary.asp?id=588016891170979931&spec=0x01c2cac422c00000,http://leda.univ-lyon1.fr/ledacat.cgi?sdss%20j093443.90%2B335821.6&ob=ra,143.68292412,33.97267058
112,SubjectSet_28/587729772610584819D.jpeg,http://legacysurvey.org/viewer/fits-cutout?ra=211.33029874&dec=-2.89348152&size=512&layer=decals-dr5&pixscale=0.227&bands=g,http://skyserver.sdss.org/dr7/en/tools/explore/summary.asp?id=587729772610584819&spec=0x01c2cac422c00000,http://leda.univ-lyon1.fr/ledacat.cgi?sdss%20j140519.27-025336.5 </font></h2>%2B<td colspan=2><h2><font color=#000086>SDSS J140519.27-025336.5&ob=ra,211.33029874,-2.89348152
113,SubjectSet_28/587731185664852193D.jpeg,http://legacysurvey.org/viewer/fits-cutout?ra=355.02192435&dec=-0.62817986&size=512&layer=decals-dr5&pixscale=0.227&bands=g,http://skyserver.sdss.org/dr7/en/tools/explore/summary.asp?id=587731185664852193&spec=0x01c2cac422c00000,http://leda.univ-lyon1.fr/ledacat.cgi?sdss%20j234005.26-003741.4 </font></h2>%2B<td colspan=2><h2><font color=#000086>SDSS J234005.26-003741.4&ob=ra,355.02192435,-0.62817986
114,SubjectSet_28/587727944034353420D.jpeg,http://legacysurvey.org/viewer/fits-cutout?ra=150.96844207&dec=2.42613949&size=512&layer=decals-dr5&pixscale=0.227&bands=g,http://skyserver.sdss.org/dr7/en/tools/explore/summary.asp?id=587727944034353420&spec=0x01c2cac422c00000,http://leda.univ-lyon1.fr/ledacat.cgi?sdss%20j100352.42%2B022534.1&ob=ra,150.96844207,2.42613949
115,SubjectSet_28/587725575887192206S.jpeg,http://legacysurvey.org/viewer/fits-cutout?ra=258.06844869&dec=62.38614911&size=512&layer=sdss2&pixscale=0.227&bands=g,http://skyserver.sdss.org/dr7/en/tools/explore/summary.asp?id=587725575887192206&spec=0x01c2cac422c00000,http://leda.univ-lyon1.fr/ledacat.cgi?sdss%20j171216.42%2B622310.1&ob=ra,258.06844869,62.38614911
116,SubjectSet_28/587731521744142493S.jpeg,http://legacysurvey.org/viewer/fits-cutout?ra=136.85880565&dec=43.67655809&size=512&layer=sdss2&pixscale=0.227&bands=g,http://skyserver.sdss.org/dr7/en/tools/explore/summary.asp?id=587731521744142493&spec=0x01c2cac422c00000,http://leda.univ-lyon1.fr/ledacat.cgi?sdss%20j090726.11%2B434035.6&ob=ra,136.85880565,43.67655809
117,SubjectSet_28/587739607556620367S.jpeg,http://legacysurvey.org/viewer/fits-cutout?ra=192.71381123&dec=31.04006905&size=512&layer=sdss2&pixscale=0.227&bands=g,http://skyserver.sdss.org/dr7/en/tools/explore/summary.asp?id=587739607556620367&spec=0x01c2cac422c00000,http://leda.univ-lyon1.fr/ledacat.cgi?sdss%20j125051.31%2B310224.2&ob=ra,192.71381123,31.04006905
118,SubjectSet_28/587738410860216457D.jpeg,http://legacysurvey.org/viewer/fits-cutout?ra=145.44201214&dec=11.8891442&size=512&layer=decals-dr5&pixscale=0.227&bands=g,http://skyserver.sdss.org/dr7/en/tools/explore/summary.asp?id=587738410860216457&spec=0x01c2cac422c00000,http://leda.univ-lyon1.fr/ledacat.cgi?sdss%20j094146.08%2B115320.9&ob=ra,145.44201214,11.8891442
119,SubjectSet_28/587730847424970962S.jpeg,http://legacysurvey.org/viewer/fits-cutout?ra=314.60958457&dec=0.18101828&size=512&layer=sdss2&pixscale=0.227&bands=g,http://skyserver.sdss.org/dr7/en/tools/explore/summary.asp?id=587730847424970962&spec=0x01c2cac422c00000,http://leda.univ-lyon1.fr/ledacat.cgi?sdss%20j205826.30%2B001051.6&ob=ra,314.60958457,0.18101828
120,SubjectSet_28/588007006326030405S.jpeg,http://legacysurvey.org/viewer/fits-cutout?ra=193.3656488&dec=65.89712622&size=512&layer=sdss2&pixscale=0.227&bands=g,http://skyserver.sdss.org/dr7/en/tools/explore/summary.asp?id=588007006326030405&spec=0x01c2cac422c00000,http://leda.univ-lyon1.fr/ledacat.cgi?sdss%20j125327.75%2B655349.6&ob=ra,193.3656488,65.89712622
121,SubjectSet_28/587736808299888704D.jpeg,http://legacysurvey.org/viewer/fits-cutout?ra=203.7246025&dec=13.83486855&size=512&layer=decals-dr5&pixscale=0.227&bands=g,http://skyserver.sdss.org/dr7/en/tools/explore/summary.asp?id=587736808299888704&spec=0x01c2cac422c00000,http://leda.univ-lyon1.fr/ledacat.cgi?sdss%20j133453.90%2B135005.5&ob=ra,203.7246025,13.83486855
122,SubjectSet_28/587728679543767191S.jpeg,http://legacysurvey.org/viewer/fits-cutout?ra=195.72989779&dec=65.53067976&size=512&layer=sdss2&pixscale=0.227&bands=g,http://skyserver.sdss.org/dr7/en/tools/explore/summary.asp?id=587728679543767191&spec=0x01c2cac422c00000,http://leda.univ-lyon1.fr/ledacat.cgi?sdss%20j130255.17%2B653150.4&ob=ra,195.72989779,65.53067976
123,SubjectSet_28/588848899373334704D.jpeg,http://legacysurvey.org/viewer/fits-cutout?ra=174.39144409&dec=-0.51557731&size=512&layer=decals-dr5&pixscale=0.227&bands=g,http://skyserver.sdss.org/dr7/en/tools/explore/summary.asp?id=588848899373334704&spec=0x01c2cac422c00000,http://leda.univ-lyon1.fr/ledacat.cgi?sdss%20j113733.94-003056.0 </font></h2>%2B<td colspan=2><h2><font color=#000086>SDSS J113733.94-003056.0&ob=ra,174.39144409,-0.51557731
124,SubjectSet_28/587736477594746961D.jpeg,http://legacysurvey.org/viewer/fits-cutout?ra=225.83690289&dec=9.21252695&size=512&layer=decals-dr5&pixscale=0.227&bands=g,http://skyserver.sdss.org/dr7/en/tools/explore/summary.asp?id=587736477594746961&spec=0x01c2cac422c00000,http://leda.univ-lyon1.fr/ledacat.cgi?sdss%20j150320.85%2B091245.0&ob=ra,225.83690289,9.21252695
125,SubjectSet_28/587742059987665019D.jpeg,http://legacysurvey.org/viewer/fits-cutout?ra=156.94153625&dec=18.99910937&size=512&layer=decals-dr5&pixscale=0.227&bands=g,http://skyserver.sdss.org/dr7/en/tools/explore/summary.asp?id=587742059987665019&spec=0x01c2cac422c00000,http://leda.univ-lyon1.fr/ledacat.cgi?sdss%20j102745.96%2B185956.7&ob=ra,156.94153625,18.99910937
126,SubjectSet_28/587728947441434804D.jpeg,http://legacysurvey.org/viewer/fits-cutout?ra=160.33044808&dec=-1.06398606&size=512&layer=decals-dr5&pixscale=0.227&bands=g,http://skyserver.sdss.org/dr7/en/tools/explore/summary.asp?id=587728947441434804&spec=0x01c2cac422c00000,http://leda.univ-lyon1.fr/ledacat.cgi?sdss%20j104119.30-010350.3 </font></h2>%2B<td colspan=2><h2><font color=#000086>SDSS J104119.30-010350.3&ob=ra,160.33044808,-1.06398606
127,SubjectSet_28/587742575377580262D.jpeg,http://legacysurvey.org/viewer/fits-cutout?ra=206.63364399&dec=17.62545227&size=512&layer=decals-dr5&pixscale=0.227&bands=g,http://skyserver.sdss.org/dr7/en/tools/explore/summary.asp?id=587742575377580262&spec=0x01c2cac422c00000,http://leda.univ-lyon1.fr/ledacat.cgi?sdss%20j134632.07%2B173731.6&ob=ra,206.63364399,17.62545227
128,SubjectSet_28/587739809947123890D.jpeg,http://legacysurvey.org/viewer/fits-cutout?ra=206.53951706&dec=25.21525347&size=512&layer=decals-dr5&pixscale=0.227&bands=g,http://skyserver.sdss.org/dr7/en/tools/explore/summary.asp?id=587739809947123890&spec=0x01c2cac422c00000,http://leda.univ-lyon1.fr/ledacat.cgi?sdss%20j134609.48%2B251254.9&ob=ra,206.53951706,25.21525347
129,SubjectSet_28/587742190979776637D.jpeg,http://legacysurvey.org/viewer/fits-cutout?ra=187.06228115&dec=25.43262854&size=512&layer=decals-dr5&pixscale=0.227&bands=g,http://skyserver.sdss.org/dr7/en/tools/explore/summary.asp?id=587742190979776637&spec=0x01c2cac422c00000,http://leda.univ-lyon1.fr/ledacat.cgi?sdss%20j122814.94%2B252557.4&ob=ra,187.06228115,25.43262854
130,SubjectSet_28/587742061620101258D.jpeg,http://legacysurvey.org/viewer/fits-cutout?ra=210.17977067&dec=20.60772622&size=512&layer=decals-dr5&pixscale=0.227&bands=g,http://skyserver.sdss.org/dr7/en/tools/explore/summary.asp?id=587742061620101258&spec=0x01c2cac422c00000,http://leda.univ-lyon1.fr/ledacat.cgi?sdss%20j140043.14%2B203627.8&ob=ra,210.17977067,20.60772622
131,SubjectSet_28/587739158725329161D.jpeg,http://legacysurvey.org/viewer/fits-cutout?ra=142.72006226&dec=30.46366072&size=512&layer=decals-dr5&pixscale=0.227&bands=g,http://skyserver.sdss.org/dr7/en/tools/explore/summary.asp?id=587739158725329161&spec=0x01c2cac422c00000,http://leda.univ-lyon1.fr/ledacat.cgi?sdss%20j093052.81%2B302749.1&ob=ra,142.72006226,30.46366072
132,SubjectSet_28/588017604695031864S.jpeg,http://legacysurvey.org/viewer/fits-cutout?ra=217.60064865&dec=40.01045344&size=512&layer=sdss2&pixscale=0.227&bands=g,http://skyserver.sdss.org/dr7/en/tools/explore/summary.asp?id=588017604695031864&spec=0x01c2cac422c00000,http://leda.univ-lyon1.fr/ledacat.cgi?sdss%20j143024.15%2B400037.6&ob=ra,217.60064865,40.01045344
133,SubjectSet_28/587729782272688373S.jpeg,http://legacysurvey.org/viewer/fits-cutout?ra=255.88584514&dec=35.63028916&size=512&layer=sdss2&pixscale=0.227&bands=g,http://skyserver.sdss.org/dr7/en/tools/explore/summary.asp?id=587729782272688373&spec=0x01c2cac422c00000,http://leda.univ-lyon1.fr/ledacat.cgi?sdss%20j170332.60%2B353749.0&ob=ra,255.88584514,35.63028916
134,SubjectSet_28/588017571922641081D.jpeg,http://legacysurvey.org/viewer/fits-cutout?ra=192.3762444&dec=13.39789459&size=512&layer=decals-dr5&pixscale=0.227&bands=g,http://skyserver.sdss.org/dr7/en/tools/explore/summary.asp?id=588017571922641081&spec=0x01c2cac422c00000,http://leda.univ-lyon1.fr/ledacat.cgi?sdss%20j124930.29%2B132352.4&ob=ra,192.3762444,13.39789459
135,SubjectSet_28/587732577757364748D.jpeg,http://legacysurvey.org/viewer/fits-cutout?ra=124.47456965&dec=3.37656925&size=512&layer=decals-dr5&pixscale=0.227&bands=g,http://skyserver.sdss.org/dr7/en/tools/explore/summary.asp?id=587732577757364748&spec=0x01c2cac422c00000,http://leda.univ-lyon1.fr/ledacat.cgi?sdss%20j081753.89%2B032235.6&ob=ra,124.47456965,3.37656925
136,SubjectSet_28/588016840174075960D.jpeg,http://legacysurvey.org/viewer/fits-cutout?ra=130.36753172&dec=27.63404926&size=512&layer=decals-dr5&pixscale=0.227&bands=g,http://skyserver.sdss.org/dr7/en/tools/explore/summary.asp?id=588016840174075960&spec=0x01c2cac422c00000,http://leda.univ-lyon1.fr/ledacat.cgi?sdss%20j084128.20%2B273802.5&ob=ra,130.36753172,27.63404926
137,SubjectSet_28/587731500799492163S.jpeg,http://legacysurvey.org/viewer/fits-cutout?ra=166.40533091&dec=56.53465213&size=512&layer=sdss2&pixscale=0.227&bands=g,http://skyserver.sdss.org/dr7/en/tools/explore/summary.asp?id=587731500799492163&spec=0x01c2cac422c00000,http://leda.univ-lyon1.fr/ledacat.cgi?sdss%20j110537.27%2B563204.7&ob=ra,166.40533091,56.53465213
138,SubjectSet_28/587727867255521429S.jpeg,http://legacysurvey.org/viewer/fits-cutout?ra=118.51279696&dec=38.51389736&size=512&layer=sdss2&pixscale=0.227&bands=g,http://skyserver.sdss.org/dr7/en/tools/explore/summary.asp?id=587727867255521429&spec=0x01c2cac422c00000,http://leda.univ-lyon1.fr/ledacat.cgi?sdss%20j075403.07%2B383050.0&ob=ra,118.51279696,38.51389736
139,SubjectSet_28/587744874791370929D.jpeg,http://legacysurvey.org/viewer/fits-cutout?ra=135.26598907&dec=13.60926235&size=512&layer=decals-dr5&pixscale=0.227&bands=g,http://skyserver.sdss.org/dr7/en/tools/explore/summary.asp?id=587744874791370929&spec=0x01c2cac422c00000,http://leda.univ-lyon1.fr/ledacat.cgi?sdss%20j090103.83%2B133633.3&ob=ra,135.26598907,13.60926235
140,SubjectSet_28/588297865253879836S.jpeg,http://legacysurvey.org/viewer/fits-cutout?ra=137.67018622&dec=37.2984182&size=512&layer=sdss2&pixscale=0.227&bands=g,http://skyserver.sdss.org/dr7/en/tools/explore/summary.asp?id=588297865253879836&spec=0x01c2cac422c00000,http://leda.univ-lyon1.fr/ledacat.cgi?sdss%20j091040.84%2B371754.3&ob=ra,137.67018622,37.2984182
141,SubjectSet_28/588017978884292801S.jpeg,http://legacysurvey.org/viewer/fits-cutout?ra=159.59990479&dec=37.27144773&size=512&layer=sdss2&pixscale=0.227&bands=g,http://skyserver.sdss.org/dr7/en/tools/explore/summary.asp?id=588017978884292801&spec=0x01c2cac422c00000,http://leda.univ-lyon1.fr/ledacat.cgi?sdss%20j103823.97%2B371617.2&ob=ra,159.59990479,37.27144773
142,SubjectSet_28/587728930801647873S.jpeg,http://legacysurvey.org/viewer/fits-cutout?ra=125.24024855&dec=40.29089548&size=512&layer=sdss2&pixscale=0.227&bands=g,http://skyserver.sdss.org/dr7/en/tools/explore/summary.asp?id=587728930801647873&spec=0x01c2cac422c00000,http://leda.univ-lyon1.fr/ledacat.cgi?sdss%20j082057.65%2B401727.2&ob=ra,125.24024855,40.29089548
143,SubjectSet_28/587732701779263784S.jpeg,http://legacysurvey.org/viewer/fits-cutout?ra=130.84524723&dec=3.85645385&size=512&layer=sdss2&pixscale=0.227&bands=g,http://skyserver.sdss.org/dr7/en/tools/explore/summary.asp?id=587732701779263784&spec=0x01c2cac422c00000,http://leda.univ-lyon1.fr/ledacat.cgi?sdss%20j084322.85%2B035123.2&ob=ra,130.84524723,3.85645385
144,SubjectSet_28/587739507158745253S.jpeg,http://legacysurvey.org/viewer/fits-cutout?ra=197.21184221&dec=33.02294439&size=512&layer=sdss2&pixscale=0.227&bands=g,http://skyserver.sdss.org/dr7/en/tools/explore/summary.asp?id=587739507158745253&spec=0x01c2cac422c00000,http://leda.univ-lyon1.fr/ledacat.cgi?sdss%20j130850.84%2B330122.5&ob=ra,197.21184221,33.02294439
145,SubjectSet_28/587741533320839288D.jpeg,http://legacysurvey.org/viewer/fits-cutout?ra=166.75987941&dec=29.1069836&size=512&layer=decals-dr5&pixscale=0.227&bands=g,http://skyserver.sdss.org/dr7/en/tools/explore/summary.asp?id=587741533320839288&spec=0x01c2cac422c00000,http://leda.univ-lyon1.fr/ledacat.cgi?sdss%20j110702.37%2B290625.1&ob=ra,166.75987941,29.1069836
146,SubjectSet_28/587726015612452992D.jpeg,http://legacysurvey.org/viewer/fits-cutout?ra=195.24996058&dec=2.83251434&size=512&layer=decals-dr5&pixscale=0.227&bands=g,http://skyserver.sdss.org/dr7/en/tools/explore/summary.asp?id=587726015612452992&spec=0x01c2cac422c00000,http://leda.univ-lyon1.fr/ledacat.cgi?sdss%20j130059.99%2B024957.0&ob=ra,195.24996058,2.83251434
147,SubjectSet_28/587741490908692595D.jpeg,http://legacysurvey.org/viewer/fits-cutout?ra=167.99839624&dec=29.42773359&size=512&layer=decals-dr5&pixscale=0.227&bands=g,http://skyserver.sdss.org/dr7/en/tools/explore/summary.asp?id=587741490908692595&spec=0x01c2cac422c00000,http://leda.univ-lyon1.fr/ledacat.cgi?sdss%20j111159.61%2B292539.8&ob=ra,167.99839624,29.42773359
148,SubjectSet_28/587735490286714916S.jpeg,http://legacysurvey.org/viewer/fits-cutout?ra=228.02377238&dec=41.20995291&size=512&layer=sdss2&pixscale=0.227&bands=g,http://skyserver.sdss.org/dr7/en/tools/explore/summary.asp?id=587735490286714916&spec=0x01c2cac422c00000,http://leda.univ-lyon1.fr/ledacat.cgi?sdss%20j151205.70%2B411235.8&ob=ra,228.02377238,41.20995291
149,SubjectSet_28/587722983366262983D.jpeg,http://legacysurvey.org/viewer/fits-cutout?ra=215.59878341&dec=0.18229696&size=512&layer=decals-dr5&pixscale=0.227&bands=g,http://skyserver.sdss.org/dr7/en/tools/explore/summary.asp?id=587722983366262983&spec=0x01c2cac422c00000,http://leda.univ-lyon1.fr/ledacat.cgi?sdss%20j142223.70%2B001056.2&ob=ra,215.59878341,0.18229696
150,SubjectSet_28/587729388219924563S.jpeg,http://legacysurvey.org/viewer/fits-cutout?ra=154.90952755&dec=57.41857073&size=512&layer=sdss2&pixscale=0.227&bands=g,http://skyserver.sdss.org/dr7/en/tools/explore/summary.asp?id=587729388219924563&spec=0x01c2cac422c00000,http://leda.univ-lyon1.fr/ledacat.cgi?sdss%20j101938.28%2B572506.8&ob=ra,154.90952755,57.41857073
151,SubjectSet_28/587741708867207390D.jpeg,http://legacysurvey.org/viewer/fits-cutout?ra=136.80205628&dec=18.95482858&size=512&layer=decals-dr5&pixscale=0.227&bands=g,http://skyserver.sdss.org/dr7/en/tools/explore/summary.asp?id=587741708867207390&spec=0x01c2cac422c00000,http://leda.univ-lyon1.fr/ledacat.cgi?sdss%20j090712.49%2B185717.3&ob=ra,136.80205628,18.95482858
152,SubjectSet_28/587731512612487206D.jpeg,http://legacysurvey.org/viewer/fits-cutout?ra=34.05542731&dec=-0.027698&size=512&layer=decals-dr5&pixscale=0.227&bands=g,http://skyserver.sdss.org/dr7/en/tools/explore/summary.asp?id=587731512612487206&spec=0x01c2cac422c00000,http://leda.univ-lyon1.fr/ledacat.cgi?sdss%20j021613.30-000139.7 </font></h2>%2B<td colspan=2><h2><font color=#000086>SDSS J021613.30-000139.7&ob=ra,34.05542731,-0.027698
153,SubjectSet_28/587732136449278118S.jpeg,http://legacysurvey.org/viewer/fits-cutout?ra=147.43411466&dec=46.69145363&size=512&layer=sdss2&pixscale=0.227&bands=g,http://skyserver.sdss.org/dr7/en/tools/explore/summary.asp?id=587732136449278118&spec=0x01c2cac422c00000,http://leda.univ-lyon1.fr/ledacat.cgi?sdss%20j094944.18%2B464129.2&ob=ra,147.43411466,46.69145363
154,SubjectSet_28/587739114707026119D.jpeg,http://legacysurvey.org/viewer/fits-cutout?ra=139.65218716&dec=27.98591988&size=512&layer=decals-dr5&pixscale=0.227&bands=g,http://skyserver.sdss.org/dr7/en/tools/explore/summary.asp?id=587739114707026119&spec=0x01c2cac422c00000,http://leda.univ-lyon1.fr/ledacat.cgi?sdss%20j091836.52%2B275909.3&ob=ra,139.65218716,27.98591988
155,SubjectSet_28/588017978875904176D.jpeg,http://legacysurvey.org/viewer/fits-cutout?ra=138.17325319&dec=30.01498094&size=512&layer=decals-dr5&pixscale=0.227&bands=g,http://skyserver.sdss.org/dr7/en/tools/explore/summary.asp?id=588017978875904176&spec=0x01c2cac422c00000,http://leda.univ-lyon1.fr/ledacat.cgi?sdss%20j091241.58%2B300053.9&ob=ra,138.17325319,30.01498094
156,SubjectSet_28/587742573218955426D.jpeg,http://legacysurvey.org/viewer/fits-cutout?ra=162.15400844&dec=19.02439222&size=512&layer=decals-dr5&pixscale=0.227&bands=g,http://skyserver.sdss.org/dr7/en/tools/explore/summary.asp?id=587742573218955426&spec=0x01c2cac422c00000,http://leda.univ-lyon1.fr/ledacat.cgi?sdss%20j104836.96%2B190127.8&ob=ra,162.15400844,19.02439222
157,SubjectSet_28/587741723360624751D.jpeg,http://legacysurvey.org/viewer/fits-cutout?ra=195.01250442&dec=28.24031084&size=512&layer=decals-dr5&pixscale=0.227&bands=g,http://skyserver.sdss.org/dr7/en/tools/explore/summary.asp?id=587741723360624751&spec=0x01c2cac422c00000,http://leda.univ-lyon1.fr/ledacat.cgi?sdss%20j130003.00%2B281425.1&ob=ra,195.01250442,28.24031084
158,SubjectSet_28/587741722819494015D.jpeg,http://legacysurvey.org/viewer/fits-cutout?ra=183.83774454&dec=28.18000762&size=512&layer=decals-dr5&pixscale=0.227&bands=g,http://skyserver.sdss.org/dr7/en/tools/explore/summary.asp?id=587741722819494015&spec=0x01c2cac422c00000,http://leda.univ-lyon1.fr/ledacat.cgi?sdss%20j121521.05%2B281048.0&ob=ra,183.83774454,28.18000762
159,SubjectSet_28/588297865797566613S.jpeg,http://legacysurvey.org/viewer/fits-cutout?ra=155.99389858&dec=44.82575625&size=512&layer=sdss2&pixscale=0.227&bands=g,http://skyserver.sdss.org/dr7/en/tools/explore/summary.asp?id=588297865797566613&spec=0x01c2cac422c00000,http://leda.univ-lyon1.fr/ledacat.cgi?sdss%20j102358.53%2B444932.7&ob=ra,155.99389858,44.82575625
160,SubjectSet_28/587732153642188960S.jpeg,http://legacysurvey.org/viewer/fits-cutout?ra=143.31577492&dec=42.3388143&size=512&layer=sdss2&pixscale=0.227&bands=g,http://skyserver.sdss.org/dr7/en/tools/explore/summary.asp?id=587732153642188960&spec=0x01c2cac422c00000,http://leda.univ-lyon1.fr/ledacat.cgi?sdss%20j093315.78%2B422019.7&ob=ra,143.31577492,42.3388143
161,SubjectSet_28/588015507680198768S.jpeg,http://legacysurvey.org/viewer/fits-cutout?ra=48.9425894&dec=-1.16884018&size=512&layer=sdss2&pixscale=0.227&bands=g,http://skyserver.sdss.org/dr7/en/tools/explore/summary.asp?id=588015507680198768&spec=0x01c2cac422c00000,http://leda.univ-lyon1.fr/ledacat.cgi?sdss%20j031546.22-011007.8 </font></h2>%2B<td colspan=2><h2><font color=#000086>SDSS J031546.22-011007.8&ob=ra,48.9425894,-1.16884018
162,SubjectSet_28/587729653423014135S.jpeg,http://legacysurvey.org/viewer/fits-cutout?ra=250.26802114&dec=39.33155407&size=512&layer=sdss2&pixscale=0.227&bands=g,http://skyserver.sdss.org/dr7/en/tools/explore/summary.asp?id=587729653423014135&spec=0x01c2cac422c00000,http://leda.univ-lyon1.fr/ledacat.cgi?sdss%20j164104.32%2B391953.5&ob=ra,250.26802114,39.33155407
163,SubjectSet_28/587736782533558451D.jpeg,http://legacysurvey.org/viewer/fits-cutout?ra=242.46760297&dec=32.59939972&size=512&layer=decals-dr5&pixscale=0.227&bands=g,http://skyserver.sdss.org/dr7/en/tools/explore/summary.asp?id=587736782533558451&spec=0x01c2cac422c00000,http://leda.univ-lyon1.fr/ledacat.cgi?sdss%20j160952.22%2B323557.8&ob=ra,242.46760297,32.59939972
164,SubjectSet_28/587735043072262449D.jpeg,http://legacysurvey.org/viewer/fits-cutout?ra=122.66987074&dec=24.58986746&size=512&layer=decals-dr5&pixscale=0.227&bands=g,http://skyserver.sdss.org/dr7/en/tools/explore/summary.asp?id=587735043072262449&spec=0x01c2cac422c00000,http://leda.univ-lyon1.fr/ledacat.cgi?sdss%20j081040.76%2B243523.5&ob=ra,122.66987074,24.58986746
165,SubjectSet_28/587739407838675113D.jpeg,http://legacysurvey.org/viewer/fits-cutout?ra=139.80121622&dec=26.74079994&size=512&layer=decals-dr5&pixscale=0.227&bands=g,http://skyserver.sdss.org/dr7/en/tools/explore/summary.asp?id=587739407838675113&spec=0x01c2cac422c00000,http://leda.univ-lyon1.fr/ledacat.cgi?sdss%20j091912.29%2B264426.8&ob=ra,139.80121622,26.74079994
166,SubjectSet_28/587725503947735340S.jpeg,http://legacysurvey.org/viewer/fits-cutout?ra=258.53015452&dec=57.47742467&size=512&layer=sdss2&pixscale=0.227&bands=g,http://skyserver.sdss.org/dr7/en/tools/explore/summary.asp?id=587725503947735340&spec=0x01c2cac422c00000,http://leda.univ-lyon1.fr/ledacat.cgi?sdss%20j171407.23%2B572838.7&ob=ra,258.53015452,57.47742467
167,SubjectSet_28/588023670244507762D.jpeg,http://legacysurvey.org/viewer/fits-cutout?ra=181.57576709&dec=20.61210743&size=512&layer=decals-dr5&pixscale=0.227&bands=g,http://skyserver.sdss.org/dr7/en/tools/explore/summary.asp?id=588023670244507762&spec=0x01c2cac422c00000,http://leda.univ-lyon1.fr/ledacat.cgi?sdss%20j120618.18%2B203643.5&ob=ra,181.57576709,20.61210743
168,SubjectSet_28/587733410447687796S.jpeg,http://legacysurvey.org/viewer/fits-cutout?ra=218.88818437&dec=49.35294283&size=512&layer=sdss2&pixscale=0.227&bands=g,http://skyserver.sdss.org/dr7/en/tools/explore/summary.asp?id=587733410447687796&spec=0x01c2cac422c00000,http://leda.univ-lyon1.fr/ledacat.cgi?sdss%20j143533.16%2B492110.5&ob=ra,218.88818437,49.35294283
169,SubjectSet_28/587725039552364619D.jpeg,http://legacysurvey.org/viewer/fits-cutout?ra=173.81097024&dec=-3.15423407&size=512&layer=decals-dr5&pixscale=0.227&bands=g,http://skyserver.sdss.org/dr7/en/tools/explore/summary.asp?id=587725039552364619&spec=0x01c2cac422c00000,http://leda.univ-lyon1.fr/ledacat.cgi?sdss%20j113514.63-030915.2 </font></h2>%2B<td colspan=2><h2><font color=#000086>SDSS J113514.63-030915.2&ob=ra,173.81097024,-3.15423407
170,SubjectSet_28/587726016687439969D.jpeg,http://legacysurvey.org/viewer/fits-cutout?ra=198.03788706&dec=3.61483259&size=512&layer=decals-dr5&pixscale=0.227&bands=g,http://skyserver.sdss.org/dr7/en/tools/explore/summary.asp?id=587726016687439969&spec=0x01c2cac422c00000,http://leda.univ-lyon1.fr/ledacat.cgi?sdss%20j131209.09%2B033653.3&ob=ra,198.03788706,3.61483259
171,SubjectSet_28/587738196655472806S.jpeg,http://legacysurvey.org/viewer/fits-cutout?ra=126.86534757&dec=60.03022998&size=512&layer=sdss2&pixscale=0.227&bands=g,http://skyserver.sdss.org/dr7/en/tools/explore/summary.asp?id=587738196655472806&spec=0x01c2cac422c00000,http://leda.univ-lyon1.fr/ledacat.cgi?sdss%20j082727.68%2B600148.8&ob=ra,126.86534757,60.03022998
172,SubjectSet_28/588015508750663688D.jpeg,http://legacysurvey.org/viewer/fits-cutout?ra=41.44832271&dec=-0.24089148&size=512&layer=decals-dr5&pixscale=0.227&bands=g,http://skyserver.sdss.org/dr7/en/tools/explore/summary.asp?id=588015508750663688&spec=0x01c2cac422c00000,http://leda.univ-lyon1.fr/ledacat.cgi?sdss%20j024547.59-001427.2 </font></h2>%2B<td colspan=2><h2><font color=#000086>SDSS J024547.59-001427.2&ob=ra,41.44832271,-0.24089148
173,SubjectSet_28/587736478129520854D.jpeg,http://legacysurvey.org/viewer/fits-cutout?ra=221.0765732&dec=10.33045818&size=512&layer=decals-dr5&pixscale=0.227&bands=g,http://skyserver.sdss.org/dr7/en/tools/explore/summary.asp?id=587736478129520854&spec=0x01c2cac422c00000,http://leda.univ-lyon1.fr/ledacat.cgi?sdss%20j144418.37%2B101949.6&ob=ra,221.0765732,10.33045818
174,SubjectSet_28/587739843769335999D.jpeg,http://legacysurvey.org/viewer/fits-cutout?ra=209.09594601&dec=22.04421383&size=512&layer=decals-dr5&pixscale=0.227&bands=g,http://skyserver.sdss.org/dr7/en/tools/explore/summary.asp?id=587739843769335999&spec=0x01c2cac422c00000,http://leda.univ-lyon1.fr/ledacat.cgi?sdss%20j135623.02%2B220239.1&ob=ra,209.09594601,22.04421383
175,SubjectSet_28/587742551222845558D.jpeg,http://legacysurvey.org/viewer/fits-cutout?ra=231.6099713&dec=14.40848765&size=512&layer=decals-dr5&pixscale=0.227&bands=g,http://skyserver.sdss.org/dr7/en/tools/explore/summary.asp?id=587742551222845558&spec=0x01c2cac422c00000,http://leda.univ-lyon1.fr/ledacat.cgi?sdss%20j152626.39%2B142430.5&ob=ra,231.6099713,14.40848765
176,SubjectSet_28/588010136801640611S.jpeg,http://legacysurvey.org/viewer/fits-cutout?ra=132.16451118&dec=50.09945992&size=512&layer=sdss2&pixscale=0.227&bands=g,http://skyserver.sdss.org/dr7/en/tools/explore/summary.asp?id=588010136801640611&spec=0x01c2cac422c00000,http://leda.univ-lyon1.fr/ledacat.cgi?sdss%20j084839.48%2B500558.0&ob=ra,132.16451118,50.09945992
177,SubjectSet_28/587732701255237811D.jpeg,http://legacysurvey.org/viewer/fits-cutout?ra=160.10109021&dec=5.8447423&size=512&layer=decals-dr5&pixscale=0.227&bands=g,http://skyserver.sdss.org/dr7/en/tools/explore/summary.asp?id=587732701255237811&spec=0x01c2cac422c00000,http://leda.univ-lyon1.fr/ledacat.cgi?sdss%20j104024.26%2B055041.0&ob=ra,160.10109021,5.8447423
178,SubjectSet_28/587729387683315880S.jpeg,http://legacysurvey.org/viewer/fits-cutout?ra=156.33534091&dec=57.18124655&size=512&layer=sdss2&pixscale=0.227&bands=g,http://skyserver.sdss.org/dr7/en/tools/explore/summary.asp?id=587729387683315880&spec=0x01c2cac422c00000,http://leda.univ-lyon1.fr/ledacat.cgi?sdss%20j102520.48%2B571052.4&ob=ra,156.33534091,57.18124655
179,SubjectSet_28/587739827674480663D.jpeg,http://legacysurvey.org/viewer/fits-cutout?ra=237.40017515&dec=17.22958353&size=512&layer=decals-dr5&pixscale=0.227&bands=g,http://skyserver.sdss.org/dr7/en/tools/explore/summary.asp?id=587739827674480663&spec=0x01c2cac422c00000,http://leda.univ-lyon1.fr/ledacat.cgi?sdss%20j154936.04%2B171346.5&ob=ra,237.40017515,17.22958353
180,SubjectSet_28/588017678229045253D.jpeg,http://legacysurvey.org/viewer/fits-cutout?ra=135.77456244&dec=10.14204177&size=512&layer=decals-dr5&pixscale=0.227&bands=g,http://skyserver.sdss.org/dr7/en/tools/explore/summary.asp?id=588017678229045253&spec=0x01c2cac422c00000,http://leda.univ-lyon1.fr/ledacat.cgi?sdss%20j090305.89%2B100831.3&ob=ra,135.77456244,10.14204177
181,SubjectSet_28/587742060544721037D.jpeg,http://legacysurvey.org/viewer/fits-cutout?ra=206.04687588&dec=20.38499716&size=512&layer=decals-dr5&pixscale=0.227&bands=g,http://skyserver.sdss.org/dr7/en/tools/explore/summary.asp?id=587742060544721037&spec=0x01c2cac422c00000,http://leda.univ-lyon1.fr/ledacat.cgi?sdss%20j134411.25%2B202305.9&ob=ra,206.04687588,20.38499716
182,SubjectSet_28/588297863635927360D.jpeg,http://legacysurvey.org/viewer/fits-cutout?ra=122.78337962&dec=26.31606295&size=512&layer=decals-dr5&pixscale=0.227&bands=g,http://skyserver.sdss.org/dr7/en/tools/explore/summary.asp?id=588297863635927360&spec=0x01c2cac422c00000,http://leda.univ-lyon1.fr/ledacat.cgi?sdss%20j081108.01%2B261857.8&ob=ra,122.78337962,26.31606295
183,SubjectSet_28/587731680110248082D.jpeg,http://legacysurvey.org/viewer/fits-cutout?ra=117.07590307&dec=28.03651391&size=512&layer=decals-dr5&pixscale=0.227&bands=g,http://skyserver.sdss.org/dr7/en/tools/explore/summary.asp?id=587731680110248082&spec=0x01c2cac422c00000,http://leda.univ-lyon1.fr/ledacat.cgi?sdss%20j074818.21%2B280211.4&ob=ra,117.07590307,28.03651391
184,SubjectSet_28/587736809380839625D.jpeg,http://legacysurvey.org/viewer/fits-cutout?ra=220.58534005&dec=12.89767499&size=512&layer=decals-dr5&pixscale=0.227&bands=g,http://skyserver.sdss.org/dr7/en/tools/explore/summary.asp?id=587736809380839625&spec=0x01c2cac422c00000,http://leda.univ-lyon1.fr/ledacat.cgi?sdss%20j144220.48%2B125351.6&ob=ra,220.58534005,12.89767499
185,SubjectSet_28/588010879829868701D.jpeg,http://legacysurvey.org/viewer/fits-cutout?ra=173.16781386&dec=5.34332123&size=512&layer=decals-dr5&pixscale=0.227&bands=g,http://skyserver.sdss.org/dr7/en/tools/explore/summary.asp?id=588010879829868701&spec=0x01c2cac422c00000,http://leda.univ-lyon1.fr/ledacat.cgi?sdss%20j113240.27%2B052035.9&ob=ra,173.16781386,5.34332123
186,SubjectSet_28/587741490353799561D.jpeg,http://legacysurvey.org/viewer/fits-cutout?ra=125.33575612&dec=16.30102237&size=512&layer=decals-dr5&pixscale=0.227&bands=g,http://skyserver.sdss.org/dr7/en/tools/explore/summary.asp?id=587741490353799561&spec=0x01c2cac422c00000,http://leda.univ-lyon1.fr/ledacat.cgi?sdss%20j082120.58%2B161803.6&ob=ra,125.33575612,16.30102237
187,SubjectSet_28/587741816241258696D.jpeg,http://legacysurvey.org/viewer/fits-cutout?ra=140.05355585&dec=17.9036124&size=512&layer=decals-dr5&pixscale=0.227&bands=g,http://skyserver.sdss.org/dr7/en/tools/explore/summary.asp?id=587741816241258696&spec=0x01c2cac422c00000,http://leda.univ-lyon1.fr/ledacat.cgi?sdss%20j092012.85%2B175413.0&ob=ra,140.05355585,17.9036124
188,SubjectSet_28/587738947220799510S.jpeg,http://legacysurvey.org/viewer/fits-cutout?ra=185.27491179&dec=39.89388834&size=512&layer=sdss2&pixscale=0.227&bands=g,http://skyserver.sdss.org/dr7/en/tools/explore/summary.asp?id=587738947220799510&spec=0x01c2cac422c00000,http://leda.univ-lyon1.fr/ledacat.cgi?sdss%20j122105.97%2B395337.9&ob=ra,185.27491179,39.89388834
189,SubjectSet_28/587732578844016746D.jpeg,http://legacysurvey.org/viewer/fits-cutout?ra=153.90367782&dec=6.95355068&size=512&layer=decals-dr5&pixscale=0.227&bands=g,http://skyserver.sdss.org/dr7/en/tools/explore/summary.asp?id=587732578844016746&spec=0x01c2cac422c00000,http://leda.univ-lyon1.fr/ledacat.cgi?sdss%20j101536.88%2B065712.7&ob=ra,153.90367782,6.95355068
190,SubjectSet_28/587728309104869499D.jpeg,http://legacysurvey.org/viewer/fits-cutout?ra=174.25169556&dec=2.82484255&size=512&layer=decals-dr5&pixscale=0.227&bands=g,http://skyserver.sdss.org/dr7/en/tools/explore/summary.asp?id=587728309104869499&spec=0x01c2cac422c00000,http://leda.univ-lyon1.fr/ledacat.cgi?sdss%20j113700.40%2B024929.4&ob=ra,174.25169556,2.82484255
191,SubjectSet_28/587735240644755632S.jpeg,http://legacysurvey.org/viewer/fits-cutout?ra=147.83447451&dec=38.46306551&size=512&layer=sdss2&pixscale=0.227&bands=g,http://skyserver.sdss.org/dr7/en/tools/explore/summary.asp?id=587735240644755632&spec=0x01c2cac422c00000,http://leda.univ-lyon1.fr/ledacat.cgi?sdss%20j095120.27%2B382747.0&ob=ra,147.83447451,38.46306551
192,SubjectSet_28/587729777979293880D.jpeg,http://legacysurvey.org/viewer/fits-cutout?ra=210.26578419&dec=-1.96896242&size=512&layer=decals-dr5&pixscale=0.227&bands=g,http://skyserver.sdss.org/dr7/en/tools/explore/summary.asp?id=587729777979293880&spec=0x01c2cac422c00000,http://leda.univ-lyon1.fr/ledacat.cgi?sdss%20j140103.78-015808.2 </font></h2>%2B<td colspan=2><h2><font color=#000086>SDSS J140103.78-015808.2&ob=ra,210.26578419,-1.96896242
193,SubjectSet_28/588017606287753466S.jpeg,http://legacysurvey.org/viewer/fits-cutout?ra=161.9199877&dec=43.80556596&size=512&layer=sdss2&pixscale=0.227&bands=g,http://skyserver.sdss.org/dr7/en/tools/explore/summary.asp?id=588017606287753466&spec=0x01c2cac422c00000,http://leda.univ-lyon1.fr/ledacat.cgi?sdss%20j104740.79%2B434820.0&ob=ra,161.9199877,43.80556596
194,SubjectSet_28/587742567857127525D.jpeg,http://legacysurvey.org/viewer/fits-cutout?ra=151.39026455&dec=16.68930286&size=512&layer=decals-dr5&pixscale=0.227&bands=g,http://skyserver.sdss.org/dr7/en/tools/explore/summary.asp?id=587742567857127525&spec=0x01c2cac422c00000,http://leda.univ-lyon1.fr/ledacat.cgi?sdss%20j100533.66%2B164121.4&ob=ra,151.39026455,16.68930286
195,SubjectSet_28/588013383792263556D.jpeg,http://legacysurvey.org/viewer/fits-cutout?ra=115.02595388&dec=24.8572891&size=512&layer=decals-dr5&pixscale=0.227&bands=g,http://skyserver.sdss.org/dr7/en/tools/explore/summary.asp?id=588013383792263556&spec=0x01c2cac422c00000,http://leda.univ-lyon1.fr/ledacat.cgi?sdss%20j074006.22%2B245126.2&ob=ra,115.02595388,24.8572891
196,SubjectSet_28/587741600964739167D.jpeg,http://legacysurvey.org/viewer/fits-cutout?ra=201.28068636&dec=25.8481523&size=512&layer=decals-dr5&pixscale=0.227&bands=g,http://skyserver.sdss.org/dr7/en/tools/explore/summary.asp?id=587741600964739167&spec=0x01c2cac422c00000,http://leda.univ-lyon1.fr/ledacat.cgi?sdss%20j132507.36%2B255053.3&ob=ra,201.28068636,25.8481523
197,SubjectSet_28/587728669344006275S.jpeg,http://legacysurvey.org/viewer/fits-cutout?ra=125.32279314&dec=44.05614469&size=512&layer=sdss2&pixscale=0.227&bands=g,http://skyserver.sdss.org/dr7/en/tools/explore/summary.asp?id=587728669344006275&spec=0x01c2cac422c00000,http://leda.univ-lyon1.fr/ledacat.cgi?sdss%20j082117.47%2B440322.1&ob=ra,125.32279314,44.05614469
198,SubjectSet_28/587735663161245898S.jpeg,http://legacysurvey.org/viewer/fits-cutout?ra=153.43224867&dec=39.0517803&size=512&layer=sdss2&pixscale=0.227&bands=g,http://skyserver.sdss.org/dr7/en/tools/explore/summary.asp?id=587735663161245898&spec=0x01c2cac422c00000,http://leda.univ-lyon1.fr/ledacat.cgi?sdss%20j101343.73%2B390306.4&ob=ra,153.43224867,39.0517803
199,SubjectSet_28/588015509821980846D.jpeg,http://legacysurvey.org/viewer/fits-cutout?ra=35.94431113&dec=0.60155531&size=512&layer=decals-dr5&pixscale=0.227&bands=g,http://skyserver.sdss.org/dr7/en/tools/explore/summary.asp?id=588015509821980846&spec=0x01c2cac422c00000,http://leda.univ-lyon1.fr/ledacat.cgi?sdss%20j022346.63%2B003605.5&ob=ra,35.94431113,0.60155531
200,SubjectSet_28/587742012759277732D.jpeg,http://legacysurvey.org/viewer/fits-cutout?ra=214.51836343&dec=18.90836645&size=512&layer=decals-dr5&pixscale=0.227&bands=g,http://skyserver.sdss.org/dr7/en/tools/explore/summary.asp?id=587742012759277732&spec=0x01c2cac422c00000,http://leda.univ-lyon1.fr/ledacat.cgi?sdss%20j141804.40%2B185430.1&ob=ra,214.51836343,18.90836645
201,SubjectSet_28/587739811568943396D.jpeg,http://legacysurvey.org/viewer/fits-cutout?ra=233.6989808&dec=19.81997281&size=512&layer=decals-dr5&pixscale=0.227&bands=g,http://skyserver.sdss.org/dr7/en/tools/explore/summary.asp?id=587739811568943396&spec=0x01c2cac422c00000,http://leda.univ-lyon1.fr/ledacat.cgi?sdss%20j153447.75%2B194911.9&ob=ra,233.6989808,19.81997281
202,SubjectSet_28/588298662499713156S.jpeg,http://legacysurvey.org/viewer/fits-cutout?ra=184.09969512&dec=47.02641181&size=512&layer=sdss2&pixscale=0.227&bands=g,http://skyserver.sdss.org/dr7/en/tools/explore/summary.asp?id=588298662499713156&spec=0x01c2cac422c00000,http://leda.univ-lyon1.fr/ledacat.cgi?sdss%20j121623.92%2B470135.0&ob=ra,184.09969512,47.02641181
203,SubjectSet_28/588010359613882514D.jpeg,http://legacysurvey.org/viewer/fits-cutout?ra=158.78182575&dec=4.78755014&size=512&layer=decals-dr5&pixscale=0.227&bands=g,http://skyserver.sdss.org/dr7/en/tools/explore/summary.asp?id=588010359613882514&spec=0x01c2cac422c00000,http://leda.univ-lyon1.fr/ledacat.cgi?sdss%20j103507.63%2B044715.1&ob=ra,158.78182575,4.78755014
204,SubjectSet_28/587733196233506975S.jpeg,http://legacysurvey.org/viewer/fits-cutout?ra=193.78660367&dec=54.52239959&size=512&layer=sdss2&pixscale=0.227&bands=g,http://skyserver.sdss.org/dr7/en/tools/explore/summary.asp?id=587733196233506975&spec=0x01c2cac422c00000,http://leda.univ-lyon1.fr/ledacat.cgi?sdss%20j125508.78%2B543120.6&ob=ra,193.78660367,54.52239959
205,SubjectSet_28/587731680654983426S.jpeg,http://legacysurvey.org/viewer/fits-cutout?ra=132.0617989&dec=41.18649139&size=512&layer=sdss2&pixscale=0.227&bands=g,http://skyserver.sdss.org/dr7/en/tools/explore/summary.asp?id=587731680654983426&spec=0x01c2cac422c00000,http://leda.univ-lyon1.fr/ledacat.cgi?sdss%20j084814.83%2B411111.3&ob=ra,132.0617989,41.18649139
206,SubjectSet_28/588010136802558020S.jpeg,http://legacysurvey.org/viewer/fits-cutout?ra=134.64156323&dec=51.42201686&size=512&layer=sdss2&pixscale=0.227&bands=g,http://skyserver.sdss.org/dr7/en/tools/explore/summary.asp?id=588010136802558020&spec=0x01c2cac422c00000,http://leda.univ-lyon1.fr/ledacat.cgi?sdss%20j085833.97%2B512519.2&ob=ra,134.64156323,51.42201686
207,SubjectSet_28/587741531719008303S.jpeg,http://legacysurvey.org/viewer/fits-cutout?ra=189.83576497&dec=28.9131485&size=512&layer=sdss2&pixscale=0.227&bands=g,http://skyserver.sdss.org/dr7/en/tools/explore/summary.asp?id=587741531719008303&spec=0x01c2cac422c00000,http://leda.univ-lyon1.fr/ledacat.cgi?sdss%20j123920.58%2B285447.3&ob=ra,189.83576497,28.9131485
208,SubjectSet_28/588017605209686176S.jpeg,http://legacysurvey.org/viewer/fits-cutout?ra=149.83457039&dec=39.67021902&size=512&layer=sdss2&pixscale=0.227&bands=g,http://skyserver.sdss.org/dr7/en/tools/explore/summary.asp?id=588017605209686176&spec=0x01c2cac422c00000,http://leda.univ-lyon1.fr/ledacat.cgi?sdss%20j095920.29%2B394012.7&ob=ra,149.83457039,39.67021902
209,SubjectSet_28/588848900969791728D.jpeg,http://legacysurvey.org/viewer/fits-cutout?ra=142.08936277&dec=0.62935678&size=512&layer=decals-dr5&pixscale=0.227&bands=g,http://skyserver.sdss.org/dr7/en/tools/explore/summary.asp?id=588848900969791728&spec=0x01c2cac422c00000,http://leda.univ-lyon1.fr/ledacat.cgi?sdss%20j092821.44%2B003745.6&ob=ra,142.08936277,0.62935678
210,SubjectSet_28/587742627453861965D.jpeg,http://legacysurvey.org/viewer/fits-cutout?ra=228.57589663&dec=12.14765006&size=512&layer=decals-dr5&pixscale=0.227&bands=g,http://skyserver.sdss.org/dr7/en/tools/explore/summary.asp?id=587742627453861965&spec=0x01c2cac422c00000,http://leda.univ-lyon1.fr/ledacat.cgi?sdss%20j151418.21%2B120851.5&ob=ra,228.57589663,12.14765006
211,SubjectSet_28/587729652348158210S.jpeg,http://legacysurvey.org/viewer/fits-cutout?ra=247.40433428&dec=40.84835218&size=512&layer=sdss2&pixscale=0.227&bands=g,http://skyserver.sdss.org/dr7/en/tools/explore/summary.asp?id=587729652348158210&spec=0x01c2cac422c00000,http://leda.univ-lyon1.fr/ledacat.cgi?sdss%20j162937.04%2B405054.0&ob=ra,247.40433428,40.84835218
212,SubjectSet_28/587739706864763010S.jpeg,http://legacysurvey.org/viewer/fits-cutout?ra=194.52853025&dec=29.03457492&size=512&layer=sdss2&pixscale=0.227&bands=g,http://skyserver.sdss.org/dr7/en/tools/explore/summary.asp?id=587739706864763010&spec=0x01c2cac422c00000,http://leda.univ-lyon1.fr/ledacat.cgi?sdss%20j125806.84%2B290204.4&ob=ra,194.52853025,29.03457492
213,SubjectSet_28/587741532773351681D.jpeg,http://legacysurvey.org/viewer/fits-cutout?ra=140.82780304&dec=22.29972674&size=512&layer=decals-dr5&pixscale=0.227&bands=g,http://skyserver.sdss.org/dr7/en/tools/explore/summary.asp?id=587741532773351681&spec=0x01c2cac422c00000,http://leda.univ-lyon1.fr/ledacat.cgi?sdss%20j092318.67%2B221759.0&ob=ra,140.82780304,22.29972674
214,SubjectSet_28/587739407841296561D.jpeg,http://legacysurvey.org/viewer/fits-cutout?ra=145.99827935&dec=29.09974209&size=512&layer=decals-dr5&pixscale=0.227&bands=g,http://skyserver.sdss.org/dr7/en/tools/explore/summary.asp?id=587739407841296561&spec=0x01c2cac422c00000,http://leda.univ-lyon1.fr/ledacat.cgi?sdss%20j094359.58%2B290559.0&ob=ra,145.99827935,29.09974209
215,SubjectSet_28/587736524294979934D.jpeg,http://legacysurvey.org/viewer/fits-cutout?ra=204.58209398&dec=6.49856405&size=512&layer=decals-dr5&pixscale=0.227&bands=g,http://skyserver.sdss.org/dr7/en/tools/explore/summary.asp?id=587736524294979934&spec=0x01c2cac422c00000,http://leda.univ-lyon1.fr/ledacat.cgi?sdss%20j133819.70%2B062954.8&ob=ra,204.58209398,6.49856405
216,SubjectSet_28/588017111287464036S.jpeg,http://legacysurvey.org/viewer/fits-cutout?ra=156.72649878&dec=44.00889582&size=512&layer=sdss2&pixscale=0.227&bands=g,http://skyserver.sdss.org/dr7/en/tools/explore/summary.asp?id=588017111287464036&spec=0x01c2cac422c00000,http://leda.univ-lyon1.fr/ledacat.cgi?sdss%20j102654.35%2B440032.0&ob=ra,156.72649878,44.00889582
217,SubjectSet_28/587732592256876651S.jpeg,http://legacysurvey.org/viewer/fits-cutout?ra=202.58264056&dec=59.99732638&size=512&layer=sdss2&pixscale=0.227&bands=g,http://skyserver.sdss.org/dr7/en/tools/explore/summary.asp?id=587732592256876651&spec=0x01c2cac422c00000,http://leda.univ-lyon1.fr/ledacat.cgi?sdss%20j133019.83%2B595950.3&ob=ra,202.58264056,59.99732638
218,SubjectSet_28/587736478664753192D.jpeg,http://legacysurvey.org/viewer/fits-cutout?ra=217.30690653&dec=11.2129844&size=512&layer=decals-dr5&pixscale=0.227&bands=g,http://skyserver.sdss.org/dr7/en/tools/explore/summary.asp?id=587736478664753192&spec=0x01c2cac422c00000,http://leda.univ-lyon1.fr/ledacat.cgi?sdss%20j142913.65%2B111246.7&ob=ra,217.30690653,11.2129844
219,SubjectSet_28/587741721746538606S.jpeg,http://legacysurvey.org/viewer/fits-cutout?ra=185.92640692&dec=27.38842517&size=512&layer=sdss2&pixscale=0.227&bands=g,http://skyserver.sdss.org/dr7/en/tools/explore/summary.asp?id=587741721746538606&spec=0x01c2cac422c00000,http://leda.univ-lyon1.fr/ledacat.cgi?sdss%20j122342.33%2B272318.3&ob=ra,185.92640692,27.38842517
220,SubjectSet_28/587739377774166103D.jpeg,http://legacysurvey.org/viewer/fits-cutout?ra=139.13929425&dec=26.79951379&size=512&layer=decals-dr5&pixscale=0.227&bands=g,http://skyserver.sdss.org/dr7/en/tools/explore/summary.asp?id=587739377774166103&spec=0x01c2cac422c00000,http://leda.univ-lyon1.fr/ledacat.cgi?sdss%20j091633.43%2B264758.2&ob=ra,139.13929425,26.79951379
221,SubjectSet_28/587729781199012341S.jpeg,http://legacysurvey.org/viewer/fits-cutout?ra=255.20023664&dec=35.15035941&size=512&layer=sdss2&pixscale=0.227&bands=g,http://skyserver.sdss.org/dr7/en/tools/explore/summary.asp?id=587729781199012341&spec=0x01c2cac422c00000,http://leda.univ-lyon1.fr/ledacat.cgi?sdss%20j170048.05%2B350901.2&ob=ra,255.20023664,35.15035941
